package,count
ggplot2,1426
foreign,1068
stargazer,963
dplyr,864
tidyverse,788
xtable,634
plyr,515
lmtest,480
MASS,459
gridExtra,442
sandwich,421
haven,393
car,358
readstata13,357
reshape2,349
stringr,348
data.table,324
scales,285
texreg,280
tidyr,278
grid,268
lubridate,265
Hmisc,253
readxl,250
lme4,250
lfe,222
broom,210
RColorBrewer,210
ggpubr,198
plm,189
estimatr,180
arm,176
psych,172
readr,160
cowplot,147
AER,145
multiwayvcov,142
rgdal,135
survey,134
lattice,130
devtools,129
ggthemes,126
ggrepel,120
pandas,118
maptools,116
Zelig,115
parallel,115
magrittr,114
numpy,110
sf,108
margins,107
nnet,103
countrycode,103
Matching,102
os,101
sp,98
reshape,97
survival,96
mediation,94
zoo,94
quanteda,88
kableExtra,88
sjPlot,88
rdrobust,86
MatchIt,85
Amelia,84
rgeos,81
effects,78
boot,78
pscl,76
foreach,75
extrafont,74
maps,73
pacman,72
raster,72
doParallel,71
patchwork,71
igraph,71
rio,70
modelsummary,70
interplot,70
here,69
knitr,68
dotwhisker,68
coda,66
sys,66
Matrix,65
plotrix,65
stm,65
fixest,64
ggeffects,63
tm,63
re,62
forcats,61
coefplot,61
mvtnorm,60
mgcv,59
viridis,58
ggmap,58
stats,56
rstan,55
matplotlib.pyplot,55
memisc,55
rdd,54
stringi,53
rms,53
openxlsx,53
gtools,53
interflex,51
cjoint,51
jtools,50
gdata,50
gplots,50
MCMCpack,49
corrplot,49
DataCombine,49
caret,47
"lmtest, quietly = TRUE",46
doBy,46
spdep,46
purrr,45
cregg,45
"sandwich, quietly = TRUE",44
apsrtable,44
matrixStats,44
GGally,43
mice,43
miceadds,42
rjags,42
tidytext,41
weights,40
ggridges,40
time,39
xlsx,39
random,39
sjmisc,39
ordinal,38
RItools,37
itertools,37
ebal,36
geosphere,36
datetime,35
janitor,34
tibble,34
multcomp,34
csv,33
wordcloud,33
ltm,33
Cairo,33
glmnet,33
lavaan,33
cem,33
ggstance,32
Rmisc,32
fastDummies,32
pastecs,32
doMC,31
gtable,31
pickle,31
Rcpp,31
cobalt,31
gmodels,31
list,31
aod,31
randomForest,30
scipy.stats,30
ri,30
msm,29
clusterSEs,29
rgenoud,29
mlogit,28
latticeExtra,28
math,28
json,28
readtext,27
matplotlib,27
RCurl,26
collections,26
scipy,26
DescTools,26
rworldmap,26
dummies,26
descr,25
splines,25
sjlabelled,25
sna,25
pwr,25
irr,25
classInt,24
randomizr,23
e1071,23
tseries,23
nlme,23
cshapes,23
clubSandwich,23
sensemakr,23
ZeligChoice,23
systemfit,22
lmerTest,22
snow,22
mapproj,22
grDevices,21
abind,21
rddensity,21
glue,21
rstudioapi,21
glob,21
hrbrthemes,21
brms,21
marginaleffects,21
logr,21
pROC,20
mfx,20
copy,20
rvest,20
panelView,20
DeclareDesign,20
seaborn,20
labelled,19
emmeans,19
sklearn.model_selection,19
FindIt,19
pbapply,18
multiprocessing,18
rstanarm,18
Formula,18
network,18
nltk,18
pBrackets,18
mapdata,18
sklearn.feature_extraction.text,18
tmap,18
shutil,18
sklearn.metrics,18
gt,17
argparse,17
ivpack,17
did,17
os.path,17
gsynth,17
optmatch,17
fields,17
vtable,17
showtext,17
statsmodels.api,17
doRNG,16
interactions,16
string,16
sklearn,16
factoextra,16
questionr,16
sklearn.linear_model,16
plotly,16
utils,16
SnowballC,16
survminer,16
strucchange,16
latex2exp,16
metafor,16
splitstackshape,16
topicmodels,16
simcf,15
tictoc,15
MuMIn,15
XML,15
grf,15
coin,15
spatstat,15
CBPS,15
broom.mixed,14
naniar,14
forecast,14
tikzDevice,14
warnings,14
bayesplot,14
ROCR,14
subprocess,14
sampleSelection,14
wnominate,14
lemon,14
pathlib,13
tqdm,13
wesanderson,13
logging,13
VGAM,13
PanelMatch,13
erer,13
R2jags,13
jsonlite,13
ergm,13
bit64,13
stringdist,13
ri2,13
"lib, character.only=TRUE",13
tools,13
statnet,13
SDMTools,13
rlang,12
httr,12
brglm,12
scipy.optimize,12
zeligverse,12
tidycensus,12
directlabels,12
requests,12
betareg,12
graphics,12
summarytools,12
srvyr,12
numDeriv,11
ggExtra,11
optimx,11
RcppArmadillo,11
"x, character.only = TRUE",11
reporttools,11
WDI,11
sklearn.preprocessing,11
base,11
polycor,11
pracma,11
sklearn.ensemble,11
RSQLite,10
xts,10
rbounds,10
usmap,10
rstatix,10
psy,10
tables,10
basicspace,10
glm.predict,10
gtsummary,10
sciplot,10
BayesTree,10
operator,10
rpart,10
text2vec,10
functools,10
TeachingDemos,10
rmeta,10
logistf,10
vcd,10
gbm,9
digest,9
R2WinBUGS,9
ggsignif,9
torch,9
ggtext,9
mapview,9
KRLS,9
nloptr,9
matplotlib.ticker,9
rdlocrand,9
egg,9
manifestoR,9
nltk.corpus,9
Synth,9
exactRankTests,9
ggcorrplot,9
shape,9
spatialreg,9
locfit,9
tidymodels,9
vegan,9
sqldf,9
GPArotation,9
wfe,9
quanteda.textmodels,9
arsenal,9
tigris,9
FactoMineR,9
huxtable,9
pcse,9
doSNOW,9
splm,8
rddtools,8
ast,8
prediction,8
flextable,8
ggraph,8
sem,8
rjson,8
ggforce,8
expss,8
yaml,8
statsmodels.formula.api,8
TOSTER,8
simPH,8
stopwords,8
BBmisc,8
calibrate,8
bs4,8
runjags,8
loo,8
lm.beta,8
datasets,8
imputeTS,8
visreg,8
writexl,8
commarobust,8
io,8
multicore,8
chron,8
matplotlib.patches,8
ggsn,7
rmarkdown,7
fracdiff,7
colorspace,7
glmmML,7
glmmTMB,7
emIRT,7
gmm,7
qualtRics,7
ggbeeswarm,7
gtrendsR,7
dtplyr,7
gpclib,7
DirectEffects,7
fst,7
doMPI,7
XLConnect,7
MSBVAR,7
caTools,7
remotes,7
PRROC,7
conflicted,7
anesrake,7
ineq,7
modelr,7
assertthat,7
networkx,7
ngram,7
sklearn.decomposition,7
quanteda.textstats,7
checkpoint,7
gstat,7
gam,7
table1,7
corrgram,7
starpolishr,7
nFactors,7
QCA,7
geobr,6
scipy.interpolate,6
WeightIt,6
skimr,6
reticulate,6
semTools,6
gc,6
sjstats,6
corpcor,6
rlist,6
spData,6
blme,6
repmis,6
effectsize,6
sklearn.pipeline,6
dynlm,6
__future__,6
fuzzyjoin,6
gee,6
rnaturalearth,6
fmsb,6
cluster,6
ZeligMultilevel,6
rmapshaper,6
cjpowR,6
tensorflow,6
joblib,6
matplotlib.lines,6
olsrr,6
pryr,6
QuantPsyc,6
ranger,6
ggmcmc,6
tidygraph,6
nltk.stem.snowball,6
progress,6
ggsci,6
tidybayes,6
quantmod,6
GISTools,6
nltk.stem,6
quantreg,6
pdftools,6
ipumsr,6
MLmetrics,6
zipcode,6
meta,6
MCMCglmm,6
reldist,6
RgoogleMaps,6
Lmoments,6
urca,6
mcmcplots,6
xgboost,6
numba,6
mnormt,6
RTextTools,6
Rtsne,6
"utils, lib.loc = .Library",6
viridisLite,5
rockchalk,5
robustHD,5
robustbase,5
cmdstanr,5
geometry,5
codecs,5
inline,5
scipy.sparse,5
collapse,5
RSiena,5
mirt,5
timeDate,5
hdm,5
RecordLinkage,5
beepr,5
rpart.plot,5
intergraph,5
merTools,5
png,5
lsmeans,5
btergm,5
posterior,5
sm,5
effsize,5
urllib.request,5
truncnorm,5
scatterplot3d,5
sklearn.svm,5
spacy,5
fBasics,5
rsample,5
sklearn.naive_bayes,5
ivreg,5
mc2d,5
vars,5
faraway,5
austin,5
iterators,5
pglm,5
biglm,5
bife,5
mokken,5
tile,5
conText,5
optparse,5
rgl,5
coxed,5
standardize,5
oc,5
np,5
ggfortify,5
furrr,5
ggh4x,5
glmmADMB,5
officer,5
DAMisc,5
alpaca,5
norm,5
nleqslv,5
rdpower,5
ggtern,5
ggjoy,5
gamlss,5
gapminder,5
ggplotify,5
qwraps2,5
coxme,5
dismo,5
formattable,5
ggalluvial,5
dataverse,5
groundhog,5
mosaic,5
geopandas,5
tidylog,5
pander,5
frailtypack,5
VIM,5
quanteda.textplots,5
sfsmisc,5
quanteda.dictionaries,5
urllib,4
pkg_resources,4
BMA,4
shapefiles,4
matplotlib.colors,4
electionsBR,4
ellipse,4
sklearn.utils,4
zipfile,4
Jmisc,4
separationplot,4
usethis,4
KernSmooth,4
ei,4
plot3D,4
dbplyr,4
moments,4
vdemdata,4
nltk.tokenize,4
config,4
party,4
DesignLibrary,4
dmetar,4
EnvStats,4
combinat,4
widyr,4
mitools,4
compiler,4
miscTools,4
wCorr,4
mi,4
multilevel,4
codebook,4
vioplot,4
sklearn.neighbors,4
wru,4
diagis,4
"dplyr, warn.conflicts = FALSE",4
dgo,4
neuralnet,4
verification,4
nlWaldTest,4
dfadjust,4
papeR,4
BayesFactor,4
sensitivitymw,4
varhandle,4
HonestDiD,4
calendar,4
scipy.linalg,4
MNP,4
ggthemr,4
tcltk,4
speedglm,4
inspect,4
rootSolve,4
fect,4
RJSONIO,4
fwildclusterboot,4
sysfonts,4
fastLink,4
psycho,4
tableone,4
sparsereg,4
statar,4
R.utils,4
sphet,4
future,4
shapely.geometry,4
bbmle,4
tmaptools,4
goji,4
typing,4
htmltools,4
RStata,4
hms,4
rJava,4
qdap,4
arcpy,4
sqlite3,4
hashlib,4
textstem,4
formula.tools,4
blockTools,4
ivmodel,4
ggpattern,4
brglm2,4
poLCA,4
WhatIf,4
Metrics,4
socket,4
NPC,4
ggalt,4
bucky,4
rethinking,4
leaflet,4
VennDiagram,4
lazyeval,4
SuperLearner,4
gensim,4
TAM,4
geepack,4
statmod,4
preText,4
rsq,4
gender,4
superdiag,4
gghighlight,4
paletteer,3
gridBase,3
sensitivitymv,3
date,3
"package, character.only = TRUE",3
gregmisc,3
numpy.fft,3
regex,3
frailtySurv,3
games,3
numpy.linalg,3
fuzzywuzzy,3
mvnfast,3
"p, character.only = TRUE",3
ncdf4,3
semPlot,3
googleway,3
gganimate,3
ggdist,3
designmatch,3
dfoptim,3
genderBR,3
gensim.models,3
oddsratio,3
fs,3
pdb,3
frailtyEM,3
eeptools,3
fUnitRoots,3
matplotlib.font_manager,3
matplotlib.dates,3
jpeg,3
matplotlib.backends.backend_pdf,3
proxy,3
matlab,3
prettyR,3
platform,3
latentnet,3
prais,3
fossil,3
rsvd,3
rtree,3
plotROC,3
eurostat,3
likert,3
plotly.express,3
errno,3
magick,3
lwgeom,3
lpSolve,3
facetscales,3
scipy.io,3
maxLik,3
"pkg, character.only = TRUE",3
quanteda.corpora,3
gzip,3
quadprog,3
hexbin,3
fontcm,3
qdapRegex,3
scoring,3
flexmix,3
minpack.lm,3
hunspell,3
scipy.special,3
importlib,3
pylab,3
scipy.spatial.distance,3
robust,3
methods,3
fiftystater,3
peacesciencer,3
feather,3
irtoys,3
rpy2.robjects,3
pprint,3
numpy.random,3
arrow,3
choroplethr,3
sklearn.metrics.pairwise,3
vroom,3
spduration,3
xml2,3
"xtable, quietly = TRUE",3
IRanges,3
colorRamps,3
twitteR,3
BayesPostEst,3
yardstick,3
bayestestR,3
bayesm,3
compositions,3
stats4,3
tsibble,3
zTree,3
academictwitteR,3
conleyreg,3
RPostgres,3
xlrd,3
Rfast,3
RPostgreSQL,3
xergm,3
tabulate,3
tempfile,3
urltools,3
ICC,3
broom.helpers,3
testthat,3
svMisc,3
SetMethods,3
causalsens,3
threading,3
StanHeaders,3
unicodedata,3
censReg,3
slam,3
velox,3
stminsights,3
Rvoteview,3
Rsolnp,3
tidyselect,3
BMS,3
beanplot,3
BART,3
PIL,3
translateR,3
torch.nn.functional,3
arabicStemR,3
ATE,3
tree,3
AICcmodavg,3
webshot,3
traceback,3
R.matlab,3
FSA,3
simex,3
torch.utils.data,3
RDHonest,3
tnet,3
tmvtnorm,3
REdaS,3
shinystan,3
ANOVAreplication,3
wbstats,3
base64,3
transformers,3
vcdExtra,2
mclogit,2
mclust,2
SonicScrewdriver,2
futile.logger,2
vdem,2
SparseM,2
measurements,2
ape,2
reader,2
TSA,2
SemiPar,2
gcookbook,2
SearchTrees,2
ggm,2
arfima,2
IPython.display,2
ggstatsplot,2
INLA,2
partykit,2
matplotlib.gridspec,2
syuzhet,2
systemfonts,2
mnlogit,2
matplotlib.style,2
starbility,2
rbow,2
svglite,2
ExtDist,2
ggplot,2
mboost,2
ggnetwork,2
animation,2
ggmosaic,2
ggminimal,2
"ggmap, quietly = TRUE",2
"stargazer, quietly = TRUE",2
getopt,2
amen,2
general_equilibrium,2
__constants__,2
gensim.models.doc2vec,2
missMDA,2
gensim.models.coherencemodel,2
__functions__,2
gensim.downloader,2
minqa,2
__paths__,2
missForest,2
microsynth,2
genderdata,2
statsmodels,2
garp,2
pbivnorm,2
accuracy,2
pbkrtest,2
acs,2
ade4,2
gamlss.dist,2
geoR,2
"patchwork, quietly = TRUE",2
reghelper,2
USAboundaries,2
mlr,2
menu_cost,2
gdalUtils,2
versatiletrainer2,2
rebus,2
recipes,2
states,2
versions,2
akima,2
vietnamcode,2
pdp,2
metaselector,2
GJRM,2
WebPower,2
geofacet,2
geodist,2
WriteXLS,2
matplotlib.cm,2
Rglpk,2
Imap,2
NLP,2
tmcn,2
leaps,2
OpenMx,2
infotheo,2
poweRlaw,2
infer,2
importlib.util,2
imp,2
imblearn.over_sampling,2
NRejections,2
ids,2
ldatuning,2
lmPerm,2
MplusAutomation,2
tweepy,2
tjbal,2
pytz,2
htmlwidgets,2
tinytex,2
htmltab,2
htmlTable,2
McSpatial,2
OpenStreetMap,2
lda,2
InteractionPoweR,2
ivtools,2
keras.models,2
keras.layers,2
keras,2
psData,2
kernlab,2
QCApro,2
Quandl,2
torch.nn,2
jacobian,2
R2OpenBUGS,2
kinship,2
ROAuth,2
RArcInfo,2
koRpus,2
itsadug,2
psychometric,2
PolicyPortfolios,2
irlba,2
treatSens,2
lavaan.survey,2
PBSmapping,2
pyLDAvis.gensim,2
RWeka,2
timelineS,2
MatchingFrontier,2
googlesheets,2
textir,2
texteffect,2
rIP,2
frontier,2
textclean,2
LSX,2
urllib.parse,2
plot_specs,2
"texreg, quietly = TRUE",2
ragg,2
LSS,2
timeit,2
LMERConvenienceFunctions,2
gnm,2
plotKML,2
mapDK,2
mapReduce,2
LEDA,2
gmapsdistance,2
glm2,2
utf8,2
util,2
textmineR,2
plotly.graph_objs,2
qvalue,2
textwrap,2
time_dependent,2
RcppEigen,2
pmr,2
types,2
qpcR,2
qte,2
RcppRoll,2
qualCI,2
"tidyverse, quietly = TRUE",2
udpipe,2
h2o,2
gurobi,2
Rmpi,2
gsubfn,2
tidygeocoder,2
tidycomm,2
lsr,2
unidecode,2
lxml,2
quickmatch,2
urbnmapr,2
textdata,2
general_equilibrium_full,2
torchvision,2
noncensus,2
spacetime,2
bpCausal,2
nmisc,2
openNLP,2
brant,2
DIDmultiplegt,2
zaminfluence,2
DIDdesign,2
nltk.stem.porter,2
rtf,2
broomExtra,2
pamr,2
segmented,2
rtweet,2
wordcloud2,2
solved_block,2
seatsvotes,2
"estimatr, quietly = TRUE",2
socviz,2
spacyr,2
extrafontdb,2
contrast,2
factorEx,2
corpus,2
binsreg,2
nomep,2
pandasci,2
rpy2.rlike.container,2
oglmx,2
BEST,2
simpletransformers.classification,2
bizdays,2
spam,2
blscrapeR,2
rpy2.robjects.lib.ggplot2,2
rpy2.robjects.packages,2
fabricatr,2
pandas.tseries.offsets,2
rr,2
bookdown,2
fANCOVA,2
essurvey,2
bz2,2
ergm.count,2
cdlTools,2
eiPack,2
eiCompare,2
eha,2
newsmap,2
xml.etree.ElementTree,2
xml.dom.minidom,2
smacof,2
"p, character.only=T",2
xlsxwriter,2
"dplyr,quietly = T",2
dyn,2
overlap,2
circlize,2
ecm,2
outreg,2
dynamac,2
sklearn.neural_network,2
xfun,2
causalTree,2
sklearn.feature_selection,2
compactr,2
sklearn.cluster,2
"multiwayvcov, quietly = TRUE",2
"package_name, character.only = TRUE",2
nlstools,2
common,2
equivalence,2
rworldxtra,2
"x, character.only = T",2
frm,2
mvnmle,2
BradleyTerry2,2
entropy,2
endorse,2
"x, character.only=T",2
emdist,2
carData,2
coefplot2,2
caretEnsemble,2
cna,2
simple_block,2
multi_product,2
rpy2.interactive,2
paramtest,2
sqlalchemy,2
fnmatch,2
modmarg,2
ERT,2
shlex,2
flexsurv,2
dbarts,2
sfi,2
bayesSurv,2
monomvn,2
ALEPlot,2
dclone,2
DiagrammeR,2
robomit,2
robumeta,2
spikeSlabGAM,2
spgwr,2
parameters,2
bacondecomp,2
setuptools,2
cv2,2
oaxaca,2
shiny,2
numpy.polynomial,2
freqtables,2
dataMaid,2
"rjags, quiet=TRUE",2
fpp,2
fpc,2
")$results[,1]",2
asymptotic,2
modelingprocess,2
Ecdat,2
models,2
shinyjs,2
attrition,2
augsynth,2
cvTools,2
robustlmm,2
rnaturalearthdata,2
scipy.cluster.hierarchy,2
fasterize,2
signal,2
nonnest2,2
DT,2
BAS,2
zipWRUext2,2
mpl_toolkits.mplot3d,2
panel,2
nonlinear,2
faux,2
mstate,2
fastglm,2
determinacy,2
roll,2
corrr,2
rowr,2
deldir,2
spatialEco,2
binom,2
DRDID,2
rprojroot,2
treeClust,1
"xtable,lib.loc=libLoc",1
prodlim,1
twosamples,1
predictCategories,1
polars,1
ucto,1
object_detection.protos,1
transformr,1
prob,1
proto,1
"plyr, lib.loc = libLoc",1
ordbetareg,1
xml.sax.saxutils,1
pmdplyr,1
profile,1
ucminf,1
tscount,1
"plyr, quietly = TRUE",1
printWordOccurrences,1
zipimport,1
optuna,1
ordIRT,1
torchvision.transforms,1
object_detection,1
profvis,1
openEnded,1
powerMediation,1
optiscale,1
openssl,1
popbio,1
yellowbrick.classifier.threshold,1
observation_selectors,1
prevalence,1
openNLPmodels.de,1
twang,1
portableParallelSeeds,1
openintro,1
portes,1
"xtable,quietly = T",1
trace,1
tsoutliers,1
postMCMCglmm,1
tsne,1
pretrainedmodels,1
obsval,1
odds_helper,1
postmastr,1
polywog,1
polynom,1
polyglot.text,1
tsDyn,1
openpyxl,1
"plyr, dplyr",1
poliscidata,1
printKeyWords,1
zeallot,1
train_configurations,1
polite,1
predictionError,1
prefmod,1
zipfR,1
polyCub,1
tweedie,1
ppe,1
optimParallel,1
ppcor,1
yarrr,1
yellowbrick.classifier,1
tweetscores,1
parsnip,1
xergm.common,1
papaja,1
wacolors,1
panflute,1
panelview,1
pdfminer.pdfinterp,1
"w, character.only=T",1
wordGroupTests,1
pdfminer.pdfpage,1
vrtest,1
panelAR,1
vkR,1
visdat,1
vip,1
penalized,1
pequod,1
performance,1
permtest_simulate,1
verbs,1
permute,1
pforeach,1
venn,1
philentropy,1
wordToPOSDicts,1
phonics,1
phtt,1
pandas_datareader.famafrench,1
piecewiseSEM,1
variables,1
pdfminer.layout,1
pdfminer.converter,1
pandas.io.formats.printing,1
winreg,1
wikipediaapi,1
parselmouth,1
partycalls,1
whichdb,1
parseIcelandicTexts,1
parseGreekTexts,1
parseEnglishTexts,1
parse,1
parrot,1
wersim,1
weighted,1
patternplot,1
parmap,1
parlitools,1
paulutility,1
parfm,1
win32api,1
weakref,1
"parallel, lib.loc = libLoc",1
win32con,1
water,1
wandb_utils,1
win32process,1
"proto, lib.loc = libLoc",1
wandb,1
pder,1
waffle,1
validateIt,1
vaderSentiment.vaderSentiment,1
ukbabynames,1
wpmarble,1
plot_hr,1
"package, character.only = T",1
"x, character.only = TRUE, warn.conflicts = FALSE",1
package name,1
plotly.graph_objects,1
urllib.error,1
package,1
urbnthemes,1
"x, character.only=TRUE",1
"x,character.only = T",1
"x,character.only = TRUE",1
plotly.subplots,1
"p,character.only=TRUE",1
unittest,1
plotting_functions,1
plottrix,1
"p,character.only = TRUE",1
"p, character.only=TRUE",1
plsdepot,1
umap.umap_,1
"x,character.only=TRUE",1
overlapping,1
plspm,1
pltesim,1
xarray,1
umap,1
outcome_utils,1
plot_helper,1
"package, character.only = TRUE, lib.loc = code_dir",1
"pkg,character.only = TRUE",1
"package, quietly = TRUE",1
pandas.api.types,1
uuid,1
"pkg,character.only=T",1
utils_agg,1
utils.polarization,1
pkgA,1
pkgB,1
utils.plots,1
wordVectors,1
utils.labels,1
pkgC,1
utils.interpret,1
word_embedding,1
wordshoal,1
packcircles,1
utils.guided,1
utils.accuracy,1
"package_name,character.only=TRUE,quietly=TRUE,verbose=FALSE",1
util.models,1
util.misc,1
plink,1
usdm,1
workflows,1
usdata,1
"plm, quietly = TRUE",1
urllib3,1
plot.matrix,1
plot_common,1
shapely.ops,1
proxyC,1
spls,1
roperators,1
specr,1
rona_estimatefunctions_gpu,1
spgs,1
spikes,1
rnoaa,1
rms.gof,1
splines2,1
rmongodb,1
spatstat.utils,1
spmoran,1
spwgr,1
sqlalchemy.dialects.postgresql,1
rmatio,1
sqlalchemy.orm,1
src,1
src.external.yolo5_face.utils_yolo,1
rlecuyer,1
"spdep, quietly = TRUE",1
spatialprobit,1
torch.optim,1
"sp, quietly = TRUE",1
runpy,1
run_models_hr,1
run_models_ati,1
sophistication,1
rugarch,1
sortedcontainers,1
rticles,1
rsvg,1
spDataLarge,1
spatialWeights,1
rstantools,1
sparkline,1
sparse_dot_topn.sparse_dot_topn,1
rpy2.robjects.numpy2ri,1
spatcounts,1
rpy2.rinterface_lib.callbacks,1
rpvm,1
rpostgis,1
src.external.yolo5_face.utils_yolo.autoanchor,1
src.external.yolo5_face.utils_yolo.datasets,1
src.external.yolo5_face.utils_yolo.general,1
resource,1
statip,1
retry,1
statistics,1
statistics_producer,1
rethnicity,1
stats19,1
restriktor,1
restrictiveness,1
"reshape2, lib.loc = libLoc",1
src.external.yolo5_face.utils_yolo.google_utils,1
statsmodels.distributions.empirical_distribution,1
requests_testadapter,1
requests_html,1
statsmodels.iolib.foreign,1
reptree,1
reporttools:,1
statsmodels.iolib.summary2,1
renv,1
revealed_python.garp_NOQ,1
reverse_geocoder,1
revgeo,1
statebins,1
src.external.yolo5_face.utils_yolo.metrics,1
src.external.yolo5_face.utils_yolo.plots,1
src.external.yolo5_face.utils_yolo.torch_utils,1
src.statistics_producer,1
riverplot,1
ritest,1
src.utils,1
"ri,quietly = T",1
stableGR,1
staggered,1
standard,1
rgeolocate,1
"stargazer,lib.loc=libLoc",1
stars,1
"rgdal, quietly = TRUE",1
stat,1
rfUtilities,1
rvalues,1
snowfall,1
snap,1
selenium.webdriver.common.action_chains,1
semantic_role_labeling,1
simplejson,1
semTable,1
simsem,1
sinaplot,1
site,1
selenium.webdriver.support.ui,1
selenium.webdriver.common.by,1
selenium.common.exceptions,1
sklearn.calibration,1
selenium,1
select,1
sitools,1
seededlda,1
seasonal,1
searchtweets,1
skfda,1
scpi,1
simpleboot,1
sensitivity,1
simecol,1
simHelper,1
shapely,1
shapefile,1
shinycssloaders,1
shap._explanation,1
shap,1
shadowtext,1
shades,1
shotGroups,1
sfheaders,1
sfaPA,1
showtextdb,1
sessioninfo,1
seqR,1
sigInt,1
separable,1
sentimentr,1
sentence_transformers,1
skfda.preprocessing.smoothing.kernel_smoothers,1
sklearn.cross_decomposition,1
snakecase,1
"sandwich,lib.loc = libLoc",1
"scales, quietly = TRUE",1
"scales, lib.loc = libLoc",1
slider,1
smappPy.smapp_logging,1
sas7bdat,1
santoku,1
"sandwich,quietly = TRUE",1
smappR,1
smassd_functions,1
sklearn.cross_validation,1
smoothSurv,1
sandwhich,1
sampling,1
smoothr,1
saltr,1
"s,character.only=TRUE",1
sn,1
rword2vec,1
scam,1
skmultilearn.problem_transform,1
skmultilearn.ensemble,1
schoolmath,1
scipy.stats.mstats,1
sklearn.datasets.base,1
sklearn.dummy,1
scipy.spatial,1
sklearn.experimental,1
sklearn.feature_extraction,1
scipy.signal,1
sklearn.impute,1
sklearn.manifold,1
scipy.ndimage.filters,1
scipy.ndimage,1
oauth2client.service_account,1
sklearn.multiclass,1
scipy.cluster.vq,1
sklearn.tree,1
skmultilearn.adapt,1
scico,1
statsmodels.sandbox.regression.gmm,1
statsmodels.stats.descriptivestats,1
statsmodels.stats.weightstats,1
pystache,1
tis,1
pytrends.request,1
tkinter,1
python.tools,1
python.numerical.functions,1
python.construct_datasets.functions,1
pystan_cache,1
pystan,1
tkinter.filedialog,1
pyreadstat,1
pyspark.sql.functions,1
pyspark.sql,1
pyspark,1
pyscopus,1
pysal.weights.spatial_lag,1
pysal.esda.smoothing,1
tldextract,1
tm.plugin.factiva,1
pyvis,1
tinter,1
qcc,1
qdapDictionaries,1
tidyLPA,1
tidycat,1
quanteda.sentiment,1
quanteda.seededlda,1
tidymv,1
tidyquant,1
tidysynth,1
shapely.wkt,1
quanteda.classifiers,1
tidyverse (==1.3.1,1
quantecon,1
tiff,1
tigerstats,1
tikzplotlib,1
qlcMatrix,1
qgraph,1
qdapTools,1
pysal,1
tm.plugin.webmining,1
thop,1
"psych, quietly = TRUE",1
ptitprince,1
pte,1
psycopg2,1
toolkit.jacobian,1
toolkit.nonlinear,1
toolkit.simple_block,1
toolkit.solved_block,1
psychTools,1
toolkit.utils,1
pyproj,1
torch.autograd,1
torch.backends.cudnn,1
psutil,1
pstats,1
pspm,1
pspearman,1
pscl2,1
torch.nn.utils_yolo.prune,1
punitroots,1
toolkit.het_block,1
purrrlyr,1
toolkit,1
pyperclip,1
pymssql,1
pylatex.utils,1
pylatex,1
pyipopt,1
pycop.bivariate,1
pyblp,1
pyarrow.dataset,1
pyarrow,1
pyMTurkR,1
toOrdinal,1
pwt,1
tokenizers,1
tonymisc,1
pvwater_agg,1
pvwater,1
pvsR,1
tidyBF,1
thatssorandom,1
statsmodels.tsa.api,1
rddapp,1
"stringr, quietly = TRUE",1
"stringr,lib.loc=libLoc",1
striprtf,1
rdfanalysis,1
substr,1
superheat,1
support.CEs,1
support_functions,1
"survival, quietly = TRUE",1
ray.tune.schedulers,1
rcbalance,1
swfscMisc,1
sylcount,1
rbenchmark,1
rayshader,1
synthjoint,1
sysconfig,1
ray.tune.suggest.hebo,1
"stringi, quietly = TRUE",1
readODS,1
stringer,1
readline,1
relatio.wrappers,1
relatio.graphs,1
statsmodels.tsa.filters.bk_filter,1
relatio.datasets,1
regweight,1
regions,1
statsmodels.tsa.filters.hp_filter,1
redist,1
"readxl, quietly = TRUE",1
statsmodels.tsa.tsatools,1
stddiff,1
stdidx,1
stepPlr,1
sticky_price,1
sticky_wage,1
streamR,1
strin,1
ray.tune.suggest.basic_variant,1
taRifx,1
queue,1
radiant.model,1
tensorflow_hub,1
termcolor,1
randomNames,1
randomForestSRC,1
terra,1
randomForestCI,1
testit,1
random.polychor.pa,1
textacy,1
taRifx.geo,1
radiant.data,1
radiant,1
textdistance,1
r2glmm,1
textreadr,1
textreg,1
tfruns,1
quickblock,1
tensorflow.random,1
tensorflow.keras.preprocessing.text,1
tensorflow.keras.preprocessing.sequence,1
tensorflow.keras.optimizers,1
ray.tune,1
table,1
tableHTML,1
tabulator,1
tabulizer,1
ray.exceptions,1
ray,1
rasterio.mask,1
rasterio,1
tagger,1
rapportools,1
rapport,1
tarfile,1
randtests,1
tc.ergmterms,1
tensorflow.keras.layers,1
tensorflow.keras.models,1
")     # tells you what packages are installed on your computer
sessionInfo(",1
kappaDyad,1
numpy.testing,1
__main__,1
allennlp.predictors.predictor,1
allEffects,1
albersusa,1
agrmt,1
agce,1
adolc,1
abmisc,1
abjutils,1
aTSA,1
_pickle,1
_nlopt,1
_mander,1
_init_paths,1
__init__,1
alluvialplots,1
XunLibrary1,1
WeightedCluster,1
WRS,1
VicForViz,1
UsingR,1
UserString,1
UserList,1
UserDict,1
UsaDyadParam,1
UnlikelyTools,1
TwoWayFEWeights,1
TraMineRextras,1
TraMineR,1
alluvial,1
alr3,1
numpy.polynomial.legendre,1
asyncio,1
basicfunctions,1
basedosdados,1
base64enc,1
bartMachine,1
bartCause,1
barebones.FishSET,1
bapvar,1
bandit,1
babynames,1
auxiliar_variables,1
autocorrect,1
attentive,1
atexit,1
astsa,1
analysis_setup,1
astropy.table,1
ascii,1
asbio,1
arules,1
aroma.light,1
"arm, quiet=TRUE",1
areaplot,1
arealOverlap,1
arcpy.sa,1
archook,1
arcdiagram,1
aods3,1
anominate,1
TopKLists,1
TextTweet,1
Ternary,1
SCons.Tool.aixcxx,1
SCons.Tool.mwcc,1
SCons.Tool.msvs,1
SCons.Tool.msvc,1
SCons.Tool.javac,1
SCons.Tool.intelc,1
SCons.Tool.install,1
SCons.Tool.hpcxx,1
SCons.Tool.gxx,1
SCons.Tool.gcc,1
SCons.Tool.dvipdf,1
SCons.Tool.cxx,1
SCons.Tool.cc,1
SCons.Tool.bcc32,1
SCons.Tool.PharLapCommon,1
TTR,1
SCons.Tool.MSCommon.vc,1
SCons.Tool.MSCommon,1
SCons.Tool.JavaCommon,1
SCons.Tool.GettextCommon,1
SCons.Tool.FortranCommon,1
SCons.Tool.DCommon,1
SCons.Tool,1
SCons.Taskmaster,1
SCons.Subst,1
SCons.Script.SConscript,1
SCons.Script.Main,1
SCons.Script.Interactive,1
SCons.Script,1
SCons.Tool.packaging,1
SCons.Tool.pdf,1
SCons.Tool.rpmutils,1
SCons.Tool.sgicxx,1
TSstudio,1
TSclust,1
TMB,1
Superpower,1
StrTrim,1
Statamarkdown,1
StanCat,1
SpatialEpi,1
SparkDataTools2,1
SparkDataTools,1
SocialPosition,1
Sleuth2,1
SelectIndices,1
SVMMatch,1
STARTS,1
SQUAREM,1
SPEI,1
SPDDD,1
SHAPforxgboost,1
SCons.dblite,1
SCons.cpp,1
SCons.compat,1
SCons.Warnings,1
SCons.Variables,1
SCons.Util,1
SCons.Tool.tex,1
SCons.Tool.suncxx,1
batchtools,1
bayesmeta,1
bazar,1
compactness,1
cooccurrence,1
cooccur,1
convertr,1
contextlib,1
contextily,1
concurrent.futures,1
comtradr,1
compute.es,1
completeness_fast,1
completeness,1
compare_auc_delong_xu,1
compareGroups,1
compareDF,1
common_import,1
cld2,1
colortools,1
colorout,1
colorblindr,1
colmaps,1
cognitive_face,1
cocor,1
cmprsk,1
cmd,1
clustering,1
cluster_helpers,1
clusterGeneration,1
clue,1
cli,1
coop,1
correlation,1
"corrplot, quietly = TRUE",1
countreg,1
dbm,1
dateutil.parser,1
datasets_gender_genre,1
data_manager,1
data_loading,1
data_helper,1
data_dir,1
"data.table,lib.loc = libLoc",1
"data.table, verbose = TRUE",1
"data.table, lib.loc = arg2",1
dask_jobqueue,1
dask.distributed,1
dask,1
dagitty,1
dLagM,1
czzg,1
cutpointr,1
cultural_systems,1
ctypes,1
crrSC,1
cross_validation_time_series,1
"cregg, quietly = TRUE",1
cregg (==0.3.0,1
credentials,1
cp,1
coxrobust,1
coxphf,1
cleangeo,1
class,1
bcaboot,1
binomlogit,1
bson,1
brmstools,1
"brglm, quietly = T",1
brew,1
bpNet,1
botometer,1
bootstrap,1
bootnet,1
boot.pval,1
booktabs,1
bmlogit,1
bisect,1
birdring,1
bindata,1
"cjoint, quietly = TRUE",1
bigvis,1
bigmemory,1
biganalytics,1
bigalgebra,1
"bggum, lib.loc = install_dir",1
bggum,1
bfe,1
berryFunctions,1
benford.analysis,1
bear,1
bdynsys,1
bda,1
bcf,1
bsts,1
bursts,1
butcher,1
cPickle,1
cjbart,1
circular,1
circglmbayes,1
chromedriver_py,1
choroplethrZip,1
choroplethrMaps,1
chorddiag,1
chess.pgn,1
chess.engine,1
chess,1
checkmate,1
characternetworks,1
cgmunf,1
ccesMRPviz,1
ccesMRPrun,1
ccesMRPprep,1
causalweight,1
cartogram,1
"caret, quietly = T",1
"car,lib.loc=libLoc",1
"can also do others, e.g., lattice library",1
callbacks,1
calculate_vsl,1
calculate_damages,1
calcTopWordOverlap,1
calcSimilarity,1
cWise,1
SCons.Scanner.RC,1
SCons.Scanner.LaTeX,1
SCons.Scanner.IDL,1
GGUM,1
Greg,1
Graphics,1
GetFREData,1
GetBCBData,1
GeoXp,1
GenSA,1
GenKern,1
GarpMaker,1
GWmodel,1
GVEC,1
GSODR,1
GMCM,1
GLMMadaptive,1
GEEmediate,1
FDRestimation,1
GAMBoost,1
GADMTools,1
GA,1
Function_extract_resumes_workexp,1
Function_extract_resumes_educ,1
Function_extract_all_salaries,1
FortranCommon,1
"Formula,lib.loc=libLoc",1
ForeCA,1
"FindIt, quietly = TRUE",1
FinTS,1
FastImputation,1
FastEst,1
HARK,1
HARK.Calibration.Income.IncomeTools,1
HARK.ConsumptionSaving.ConsIndShockModel,1
HARK.datasets.SCF.WealthIncomeDist.SCFDistTools,1
LARF,1
Kendall,1
KRNN,1
KRMSBVAR,1
KRLS2,1
KNN,1
KMsurv,1
KFAS,1
KDEpy,1
KBAL,1
JuliaCall,1
JudgeIt,1
InformationValue,1
ISCO08ConveRsions,1
IPython.core.interactiveshell,1
IDPmisc,1
ICEbox,1
HiveR,1
HistData,1
HeadR,1
HTMLStripper,1
HH,1
HCLUST,1
HARK.utilities,1
HARK.interpolation,1
HARK.distribution,1
HARK.datasets.life_tables.us_ssa.SSATools,1
FMStable,1
FCG,1
LSTS,1
BayesLogit,1
CMLE_functions,1
CMLE_MonteCarlo_unique_support,1
CMLE_MonteCarlo_meq_support,1
CCAGFA,1
CCA,1
"CBPS, quietly = TRUE",1
"Bullock, lib.loc = c(.libPaths(",1
Bullock,1
BridgeChange,1
BoundingBoxes,1
BoundingBox,1
BoostLines,1
BenfordTests,1
BayesFM,1
ExtremeBounds,1
BatchGetSymbols,1
BaM,1
BTM,1
BSDA,1
BRugs,1
BH,1
AppliedPredictiveModeling,1
AlgDesign,1
AUCRF,1
AUC,1
", pkg, ",1
") function.
# to remedy this the next two lines of code install an earlier version (1.9.3",1
") commands, set working directory to replication folder
# using setwd(",1
CMLE_sanctionsMC_support,1
CMLE_unstable_support,1
CORElearn,1
CPC,1
Exact,1
Evaluator,1
EdSurvey,1
EValue,1
EMT,1
DiagrammeRsvg,1
Design,1
"DataCombine,quietly = T",1
DTK,1
DMwR,1
DHARMa,1
DCPOtools,1
DCPO,1
DBI,1
DAPSm,1
DALEX,1
DAAG,1
Counterfactual,1
ConstructAPIResponse,1
ConsIndShock,1
ComplexHeatmap,1
ClusterBootstrap,1
CircStats,1
CircSpatial,1
CausalImpact,1
CausalGAM,1
CRmergeBGLDBv6func,1
LCFdata,1
LalRUtils,1
SCons.Scanner.Fortran,1
Rcartogram,1
Rlab,1
Rgraphviz,1
Rgb,1
RevoUtilsMath,1
RevoUtils,1
RevoScaleR,1
ResourceSelection,1
Require,1
RcppZiggurat,1
RcppTN,1
RcppGSL,1
RcppBDT,1
Rcgmin,1
Rbeast,1
ROCit,1
Rarity,1
RWmisc,1
RStudioAMI,1
RSpectra,1
RSocrata,1
RSelenium,1
RSNNS,1
RSAGA,1
RSA,1
RRreg,1
RQuantLib,1
RPushbullet,1
RPtests,1
Rmturkcheck,1
Rtools,1
Rvmmin,1
Rwordseg,1
SCons.Scanner.Dir,1
SCons.Scanner.D,1
SCons.Scanner,1
SCons.SConsign,1
SCons.SConf,1
SCons.Platform.win32,1
SCons.Platform.posix,1
SCons.Platform.aix,1
SCons.Platform,1
SCons.PathList,1
SCons.Node.Python,1
SCons.Node.FS,1
SCons.Node.Alias,1
SCons.Node,1
SCons.Memoize,1
SCons.Job,1
SCons.Executor,1
SCons.Errors,1
SCons.Environment,1
SCons.Defaults,1
SCons.Debug,1
SCons.Conftest,1
SCons.CacheDir,1
SCons.Builder,1
SCons.Action,1
SCons,1
RxCEcolInf,1
RODBC,1
RNetLogo,1
LaplacesDemon,1
MetBrewer,1
PIL.Image,1
PFCRE,1
PBSmodelling,1
OrthoPanels,1
OneR,1
NeuralNetworkVisualization,1
NetSwan,1
NetData,1
NbClust,1
MultinomialCI,1
MissMech,1
MiscPsycho,1
MetricsWeighted,1
MapColoring,1
RMeCab,1
MSCommon,1
MKmisc,1
MIDAS,1
MESS,1
MDEI,1
MBTAr,1
"MASS, quietly = TRUE",1
"MASS, lib.loc = libLoc",1
MASS (==7.3-51.4,1
MALDIquant,1
LiblineaR,1
LexisNexisTools,1
Levenshtein,1
PLCE,1
PNADcIBGE,1
PerformanceAnalytics,1
PermAlgo,1
RMariaDB,1
RLRsim,1
RIQITE,1
RI2by2,1
RFS_settings,1
RFS_Functions.Utilis,1
RFS_Functions.Structural,1
RFS_Functions.Lininterp,1
REBayes,1
RDS,1
RDRToolbox,1
RDDtools,1
RATest,1
"R2WinBUGS, quiet=TRUE",1
R.methodsS3,1
R.cache,1
QCAfalsePositive,1
PupillometryR,1
Publish,1
PropCIs,1
ProbitSpatial,1
PrivacyUnbiased,1
PrettyCols,1
PrepareCovariates.helper.map_r_rate,1
PowerUpR,1
PoissonBinomial,1
PermTester,1
dbscan,1
dcolumn,1
deconvolveR,1
lcmap_agg,1
linkcomm,1
linearmodels,1
lime,1
limSolve,1
lightgbm,1
life_expectancy_and_mt,1
"lib, character.only = TRUE",1
lhs,1
"lfe,lib.loc = libLoc",1
lexicon,1
lessR,1
leiv,1
leebounds,1
lcmap,1
keras.utils,1
layer1,1
lawstat,1
"lattice, quietly = TRUE",1
lars,1
languageR,1
labelProp,1
ks,1
konfound,1
klenow_willis,1
kiltsreader,1
kfigr,1
keyword_algorithm,1
keyplayer,1
linked.table,1
lm.test,1
lmfit,1
lmom,1
"mapReduce,quietly=TRUE",1
manyRegressors,1
manipulate,1
mander.metrics,1
mander.districts,1
mander,1
mamlr,1
make_table_novels_by_year,1
makeBasicGraphs,1
mainParams,1
magic,1
mFilter,1
lxml.html,1
"lubridate, warn.conflicts = FALSE",1
"lubridate, quietly = TRUE",1
lspline,1
lsa,1
lpSolveAPI,1
longurl,1
lolog,1
logisticPCA,1
logging.handlers,1
lodown,1
locpol,1
load_climate_parameters,1
load.Rdata,1
"lmtest, warn.conflicts = F",1
keyATM,1
keras.preprocessing.text,1
"mapdata, quietly = TRUE",1
imblearn.ensemble,1
instaR,1
insol,1
insightface.data,1
insightface.app,1
insightface,1
init_model_parameters,1
informationeffects,1
influence.ME,1
inflection,1
inference,1
increasing_closures,1
inauguration,1
import_ipynb,1
imager,1
keras.preprocessing.image,1
imageio,1
image.CornerDetectionHarris,1
"igraph, warn.conflicts = F",1
icsw,1
icelandicTextList,1
iatgen,1
"i, character.only = TRUE",1
"i , character.only = TRUE",1
hypothesis_hyperparams,1
humaniformat,1
httpuv,1
http.client,1
hot.deck,1
installr,1
interactionTest,1
inters,1
invgamma,1
keras.preprocessing,1
keras.optimizers,1
keras.callbacks,1
keras.applications.vgg16,1
") command
# note re library(maptools",1
"kableExtra, quietly = TRUE",1
kable,1
jsonlines,1
joblib.parallel,1
jiebaR,1
jcolors,1
jackknifeR,1
ivprobit,1
ivdoctr,1
ivdesc,1
ivDiag,1
iter,1
iresnet,1
ircor,1
ipywidgets,1
ipyparallel.error,1
ipyparallel,1
ipw,1
ipred,1
ipcluster,1
ipca,1
iotools,1
mapSpain,1
"maps, quietly = TRUE",1
highlight,1
mvabund,1
nbpMatching,1
narrativeNLP.wrappers,1
narrativeNLP.validation,1
narrativeNLP.utils,1
narrativeNLP.graphs,1
narrativeNLP.datasets,1
narrativeNLP.clustering,1
named_entity_recognition,1
name_of_package,1
naivereg,1
my_transforms,1
mvnormtest,1
mvmeta,1
multtest,1
mrpdata,1
"multiwayvcov, warn.conflicts = F",1
multiwaycov,1
multiprocessing.pool,1
multiprocessing.dummy,1
multiplot,1
multilayer.ergm,1
multidplyr,1
multicon,1
multical,1
multiROC,1
multcompView,1
muRL,1
msvcrt,1
nested_crra,1
netbiov,1
netlit,1
networktools,1
numpy.lib.recfunctions,1
numform,1
ntpath,1
npregfast,1
npideal,1
npbr,1
nortest,1
norm2,1
nnls,1
nngeo,1
nnetpredint,1
nltk.tokenize.punkt,1
nltk.tag,1
nltk.stem.wordnet,1
nltk.sentiment.vader,1
nltk.sentiment,1
nltk.metrics,1
nltk.data,1
nltk.collocations,1
nls2,1
nlopt,1
ngspatial,1
newsfetcherbase,1
neuralcoref,1
networkx.algorithms.community.centrality,1
networkx.algorithms.community,1
networkx.algorithms,1
msme,1
mrp,1
"maptools, quietly = TRUE",1
mefa,1
minvariance,1
midas,1
microbenchmark,1
miceadd,1
micEconAids,1
mfergm,1
metaplus,1
metafolio,1
metR,1
merge_EC_full,1
memsic,1
"memisc, quietly = T",1
mellonMisc,1
meetupr,1
mpl_toolkits.axes_grid1,1
mediocrethemes,1
mediate,1
meboot,1
mcmcr,1
mc_simulations,1
"maxLik, lib.loc = libLoc",1
matrixcalc,1
matplotlib.transforms,1
matplotlib.pylab,1
matplotlib.markers,1
matplotlib.figure,1
matplotlib.collections,1
margins (==0.3.23,1
mipmatch,1
"miscTools, lib.loc = libLoc",1
"miscTools,lib.loc=libLoc",1
mise,1
mpl_toolkits,1
move,1
moranfast,1
moonBook,1
modi,1
modernEnglishTextList,1
modeltools,1
models.models,1
models.experimental,1
models.common,1
model_wage.params,1
model_wage.micro,1
model_wage.foncs,1
model_wage.distributions,1
model_wage,1
model_copay,1
model_classes,1
model.foncs,1
model,1
mnlresp,1
mmpf,1
mltools,1
mltest,1
mlmRev,1
mlbench,1
missRanger,1
misreport,1
hmac,1
hierIRT,1
deflateBR,1
exactextractr,1
facenet_pytorch,1
face_detection,1
face_dataset,1
fOptions,1
fGarch,1
ez,1
extraDistr,1
external.model_magface,1
external,1
extRemes,1
exr,1
expm,1
experiment,1
exact2x2,1
epiDisplay,1
events,1
eventStudy,1
evalid,1
eums,1
eumaps,1
estout,1
estimatr (==0.18.0,1
esc,1
equivtest,1
"equivalence, quietly = TRUE",1
epuR,1
epicalc,1
epibasix,1
fair,1
fair.RCPs,1
fanplot,1
farver,1
"foreign, quietly = TRUE",1
"foreign, pos=4",1
"foreach, quietly = TRUE",1
folderfun,1
flux,1
flask,1
fitrollingML_E,1
fitrollingML_AE,1
fitrollingML_A,1
fitdistrplus,1
fiona,1
finalfit,1
final_track_functions,1
fill_vessel_chars,1
fillMatrix,1
fig3_data,1
fiftyone.zoo,1
fiftyone.brain,1
fiftyone,1
ff_reader,1
feols,1
featurizers,1
fda,1
fbri.private.sql.query,1
fastplm,1
fast_pytorch_kmeans,1
fastNaiveBayes,1
epiR,1
enum,1
"foreign,quietly = T",1
dichromat,1
dlnm,1
dlm,1
distutils.core,1
distributed,1
distr,1
dist_speed_functions,1
discursive,1
diptest,1
dineq,1
dill,1
diet_functions,1
didimputation,1
did2s,1
diagram,1
english,1
dgodata,1
dggridR,1
dga,1
dfidx,1
"devtools, quietly = TRUE",1
devEMF,1
detectseparation,1
descartes,1
derivmkts,1
dendextend,1
democracyData,1
demoGraphic,1
deming,1
"doParallel,lib.loc=libLoc",1
doStata,1
docopt,1
donnermap,1
emdbook,1
emayili,1
ellipsis,1
eliot,1
elevatr,1
egoTERGM,1
egcm,1
econet,1
ecodist,1
ecmSim,1
eba,1
easystats,1
easyGgplot2,1
early_stopping,1
"e1071, lib.loc = libLoc",1
dynsim,1
dynLogitPA,1
dynIRT,1
dygraphs,1
dyadRobust,1
dvmisc,1
dtw,1
dpmr,1
"dplyr,tidyr,lubridate,readxl",1
"dplyr, warn.conflicts = F",1
dotwhisker (==0.5.0,1
dotCall64,1
"foreign,ggplot2,dplyr",1
forestplot,1
helpers,1
ggwaffle,1
googlesheets4,1
googledrive,1
googleLanguageR,1
google.protobuf,1
google.colab,1
gnorm,1
gmp,1
gmediation,1
glarma,1
githubinstall,1
gifski,1
ghh_plus,1
ggwordcloud,1
ggvoronoi,1
gglorenz,1
ggvis,1
ggvenn,1
ggspatial,1
ggsflabel,1
ggseas,1
ggrgl,1
ggradar,1
ggpval,1
ggpubr (==0.2.1,1
ggpmisc,1
"ggplot2, warn.conflicts = F",1
"ggplot2, lib.loc = libLoc",1
"ggplot,foreign,plyr,reshape2,readxl,readstata14,readstata13, lubridate",1
gower,1
gplot,1
gpuR,1
grImport,1
helper.training,1
heavy,1
heatmapFit,1
hdpGLM,1
haschaR,1
harmonicmeanp,1
hIRT,1
h5py,1
h2o.estimators.random_forest,1
h2o.estimators.glm,1
gurobipy,1
guardian,1
gspread,1
gslab_scons,1
gsheet,1
gsfuns,1
growthcurver,1
groupWords,1
griffiers_to_find_experience,1
gridtext,1
gridGraphics,1
"gridExtra, quietly = TRUE",1
"gridExtra, lib.loc = normalizePath(education_BJPS_lib",1
"grid, lib.loc = libLoc",1
grep,1
graphicsQC,1
graphUtils,1
ggordiplots,1
ggiraphExtra,1
formatR,1
fxns_preprocessing,1
gensim.models.ldamodel,1
gensim.corpora.dictionary,1
gensim.corpora,1
genre,1
generate_results_MC,1
gen_tables_e1_e4,1
geckodriver_autoinstaller,1
gcdnet,1
gatherFiles,1
garp_NOQ,1
gap,1
gamlss.mx,1
games2,1
fxns_msefitting,1
ggiraph,1
fxns_gmm,1
future.apply,1
functions_trends_pers,1
functions,1
functional,1
ftfy,1
fse.models,1
fse,1
frscore,1
frmhet,1
frequency,1
fredr,1
fredapi,1
gensim.models.phrases,1
gensim.models.word2vec,1
gensim.parsing.preprocessing,1
gensim.utils,1
ggimg,1
gghalves,1
ggfx,1
ggfittext,1
ggeasy,1
ggdag,1
ggcharts,1
ggbiplot,1
gfcanalysis,1
gettext,1
getcartr,1
get_python_matlab_dates,1
get_ff12_industry,1
getWordCounts,1
gerrychain.updaters,1
gerrychain.tree,1
gerrychain.proposals,1
gerrychain.metrics,1
gerrychain,1
geos,1
geopy,1
geonames,1
geomnet,1
geojsonio,1
geojson,1
geogrid,1
geog,1
"zoo, lib.loc = libLoc",1
