"type","id","title","identifier","persistentUrl","protocol","authority","publisher","publicationDate","storageIdentifier"
"dataverse",2715959,"Replication data for: ""Intra-Party Politics and Public Opinion: How Candidate Selection Processes affect Citizens' Satisfaction with Democracy"" Dataverse",NA,NA,NA,NA,NA,NA,NA
"dataverse",2892146,"Clifford and Piston Disgust and Opinion About Homelessness Policy Dataverse",NA,NA,NA,NA,NA,NA,NA
"dataset",2710805,NA,"DVN/MCMKKT","https://doi.org/10.7910/DVN/MCMKKT","doi","10.7910","Harvard Dataverse","2015-09-22","s3://10.7910/DVN/MCMKKT"
"dataset",2711360,NA,"DVN/JC2QJ0","https://doi.org/10.7910/DVN/JC2QJ0","doi","10.7910","Harvard Dataverse","2018-04-14","s3://10.7910/DVN/JC2QJ0"
"dataset",2711909,NA,"DVN/12SK8B","https://doi.org/10.7910/DVN/12SK8B","doi","10.7910","Harvard Dataverse","2015-10-08","s3://10.7910/DVN/12SK8B"
"dataset",2712052,NA,"DVN/B9OYRP","https://doi.org/10.7910/DVN/B9OYRP","doi","10.7910","Harvard Dataverse","2015-10-07","s3://10.7910/DVN/B9OYRP"
"dataset",2717180,NA,"DVN/KJCN21","https://doi.org/10.7910/DVN/KJCN21","doi","10.7910","Harvard Dataverse","2016-07-22","s3://10.7910/DVN/KJCN21"
"dataset",2719088,NA,"DVN/MFJMQN","https://doi.org/10.7910/DVN/MFJMQN","doi","10.7910","Harvard Dataverse","2015-10-26","s3://10.7910/DVN/MFJMQN"
"dataset",2728461,NA,"DVN/5JS2AB","https://doi.org/10.7910/DVN/5JS2AB","doi","10.7910","Harvard Dataverse","2018-03-23","s3://10.7910/DVN/5JS2AB"
"dataset",2745523,NA,"DVN/2B9T2H","https://doi.org/10.7910/DVN/2B9T2H","doi","10.7910","Harvard Dataverse","2015-12-18","s3://10.7910/DVN/2B9T2H"
"dataset",2769716,NA,"DVN/C5OXWN","https://doi.org/10.7910/DVN/C5OXWN","doi","10.7910","Harvard Dataverse","2016-01-04","s3://10.7910/DVN/C5OXWN"
"dataset",2784419,NA,"DVN/MCV1LU","https://doi.org/10.7910/DVN/MCV1LU","doi","10.7910","Harvard Dataverse","2018-03-23","s3://10.7910/DVN/MCV1LU"
"dataset",2796151,NA,"DVN/PEXMHA","https://doi.org/10.7910/DVN/PEXMHA","doi","10.7910","Harvard Dataverse","2016-03-24","s3://10.7910/DVN/PEXMHA"
"dataset",2797846,NA,"DVN/XIPZQT","https://doi.org/10.7910/DVN/XIPZQT","doi","10.7910","Harvard Dataverse","2016-03-29","s3://10.7910/DVN/XIPZQT"
"dataset",2809490,NA,"DVN/D155SP","https://doi.org/10.7910/DVN/D155SP","doi","10.7910","Harvard Dataverse","2016-11-18","s3://10.7910/DVN/D155SP"
"dataset",2826346,NA,"DVN/NBTRGA","https://doi.org/10.7910/DVN/NBTRGA","doi","10.7910","Harvard Dataverse","2016-05-26","s3://10.7910/DVN/NBTRGA"
"dataset",2829686,NA,"DVN/TGKZ2T","https://doi.org/10.7910/DVN/TGKZ2T","doi","10.7910","Harvard Dataverse","2016-05-18","s3://10.7910/DVN/TGKZ2T"
"dataset",2836406,NA,"DVN/XFHBPO","https://doi.org/10.7910/DVN/XFHBPO","doi","10.7910","Harvard Dataverse","2016-05-26","s3://10.7910/DVN/XFHBPO"
"dataset",2839516,NA,"DVN/EXVUEA","https://doi.org/10.7910/DVN/EXVUEA","doi","10.7910","Harvard Dataverse","2016-06-06","s3://10.7910/DVN/EXVUEA"
"dataset",2841388,NA,"DVN/CEAAAT","https://doi.org/10.7910/DVN/CEAAAT","doi","10.7910","Harvard Dataverse","2016-06-16","s3://10.7910/DVN/CEAAAT"
"dataset",2848223,NA,"DVN/SING1G","https://doi.org/10.7910/DVN/SING1G","doi","10.7910","Harvard Dataverse","2016-06-30","s3://10.7910/DVN/SING1G"
"dataset",2851414,NA,"DVN/NW4LIO","https://doi.org/10.7910/DVN/NW4LIO","doi","10.7910","Harvard Dataverse","2016-07-11","s3://10.7910/DVN/NW4LIO"
"dataset",2851666,NA,"DVN/UYUZYA","https://doi.org/10.7910/DVN/UYUZYA","doi","10.7910","Harvard Dataverse","2016-07-13","s3://10.7910/DVN/UYUZYA"
"dataset",2853238,NA,"DVN/QGEQCQ","https://doi.org/10.7910/DVN/QGEQCQ","doi","10.7910","Harvard Dataverse","2016-11-07","s3://10.7910/DVN/QGEQCQ"
"dataset",2862402,NA,"DVN/DIIQF7","https://doi.org/10.7910/DVN/DIIQF7","doi","10.7910","Harvard Dataverse","2016-08-02","s3://10.7910/DVN/DIIQF7"
"dataset",2865305,NA,"DVN/EDEJND","https://doi.org/10.7910/DVN/EDEJND","doi","10.7910","Harvard Dataverse","2018-03-23","s3://10.7910/DVN/EDEJND"
"dataset",2865471,NA,"DVN/SCN9LA","https://doi.org/10.7910/DVN/SCN9LA","doi","10.7910","Harvard Dataverse","2016-11-16","s3://dvn-cloud:10.7910/DVN/SCN9LA"
"dataset",2886123,NA,"DVN/G7EOGT","https://doi.org/10.7910/DVN/G7EOGT","doi","10.7910","Harvard Dataverse","2018-03-23","s3://10.7910/DVN/G7EOGT"
"dataset",2887406,NA,"DVN/BP5G4Q","https://doi.org/10.7910/DVN/BP5G4Q","doi","10.7910","Harvard Dataverse","2016-09-25","s3://dvn-cloud:10.7910/DVN/BP5G4Q"
"dataset",2887441,NA,"DVN/ERNXOP","https://doi.org/10.7910/DVN/ERNXOP","doi","10.7910","Harvard Dataverse","2016-09-26","s3://dvn-cloud:10.7910/DVN/ERNXOP"
"dataset",2902783,NA,"DVN/5VJF4S","https://doi.org/10.7910/DVN/5VJF4S","doi","10.7910","Harvard Dataverse","2016-10-14","s3://dvn-cloud:10.7910/DVN/5VJF4S"
"dataset",2908476,NA,"DVN/T5FLOH","https://doi.org/10.7910/DVN/T5FLOH","doi","10.7910","Harvard Dataverse","2016-10-26","s3://dvn-cloud:10.7910/DVN/T5FLOH"
"dataset",2962621,NA,"DVN/MBAVJW","https://doi.org/10.7910/DVN/MBAVJW","doi","10.7910","Harvard Dataverse","2016-12-03","s3://dvn-cloud:10.7910/DVN/MBAVJW"
"dataset",2963367,NA,"DVN/P9SUH8","https://doi.org/10.7910/DVN/P9SUH8","doi","10.7910","Harvard Dataverse","2016-12-08","s3://dvn-cloud:10.7910/DVN/P9SUH8"
"dataset",2968461,NA,"DVN/XCLNIE","https://doi.org/10.7910/DVN/XCLNIE","doi","10.7910","Harvard Dataverse","2018-03-23","s3://10.7910/DVN/XCLNIE"
"dataset",2969994,NA,"DVN/AHUIEC","https://doi.org/10.7910/DVN/AHUIEC","doi","10.7910","Harvard Dataverse","2018-03-23","s3://10.7910/DVN/AHUIEC"
"dataset",2970234,NA,"DVN/HRUGSI","https://doi.org/10.7910/DVN/HRUGSI","doi","10.7910","Harvard Dataverse","2017-01-12","s3://dvn-cloud:10.7910/DVN/HRUGSI"
"dataset",2970342,NA,"DVN/SGKPSH","https://doi.org/10.7910/DVN/SGKPSH","doi","10.7910","Harvard Dataverse","2017-01-13","s3://dvn-cloud:10.7910/DVN/SGKPSH"
"dataset",2972351,NA,"DVN/BEQRZC","https://doi.org/10.7910/DVN/BEQRZC","doi","10.7910","Harvard Dataverse","2017-01-31","s3://dvn-cloud:10.7910/DVN/BEQRZC"
"dataset",2995464,NA,"DVN/4JXJWI","https://doi.org/10.7910/DVN/4JXJWI","doi","10.7910","Harvard Dataverse","2017-02-26","s3://dvn-cloud:10.7910/DVN/4JXJWI"
"dataset",3000457,NA,"DVN/LD9STS","https://doi.org/10.7910/DVN/LD9STS","doi","10.7910","Harvard Dataverse","2017-02-21","s3://dvn-cloud:10.7910/DVN/LD9STS"
"dataset",3001073,NA,"DVN/NM7VK7","https://doi.org/10.7910/DVN/NM7VK7","doi","10.7910","Harvard Dataverse","2017-02-21","s3://dvn-cloud:10.7910/DVN/NM7VK7"
"dataset",3004315,NA,"DVN/UYUU9G","https://doi.org/10.7910/DVN/UYUU9G","doi","10.7910","Harvard Dataverse","2017-03-02","s3://dvn-cloud:10.7910/DVN/UYUU9G"
"dataset",3009761,NA,"DVN/DY1282","https://doi.org/10.7910/DVN/DY1282","doi","10.7910","Harvard Dataverse","2017-03-30","s3://dvn-cloud:10.7910/DVN/DY1282"
"dataset",3013046,NA,"DVN/9DAQH4","https://doi.org/10.7910/DVN/9DAQH4","doi","10.7910","Harvard Dataverse","2017-04-18","s3://dvn-cloud:10.7910/DVN/9DAQH4"
"dataset",3014451,NA,"DVN/6IRW0N","https://doi.org/10.7910/DVN/6IRW0N","doi","10.7910","Harvard Dataverse","2018-03-23","s3://10.7910/DVN/6IRW0N"
"dataset",3014633,NA,"DVN/2ZEVWT","https://doi.org/10.7910/DVN/2ZEVWT","doi","10.7910","Harvard Dataverse","2018-01-24","file"
"dataset",3017091,NA,"DVN/HZBYG7","https://doi.org/10.7910/DVN/HZBYG7","doi","10.7910","Harvard Dataverse","2017-05-08","s3://dvn-cloud:10.7910/DVN/HZBYG7"
"dataset",3018240,NA,"DVN/VXVBNI","https://doi.org/10.7910/DVN/VXVBNI","doi","10.7910","Harvard Dataverse","2017-05-17","s3://dvn-cloud:10.7910/DVN/VXVBNI"
"dataset",3019112,NA,"DVN/YQNLWF","https://doi.org/10.7910/DVN/YQNLWF","doi","10.7910","Harvard Dataverse","2017-05-21","s3://dvn-cloud:10.7910/DVN/YQNLWF"
"dataset",3020248,NA,"DVN/XZJP2J","https://doi.org/10.7910/DVN/XZJP2J","doi","10.7910","Harvard Dataverse","2017-05-27","s3://dvn-cloud:10.7910/DVN/XZJP2J"
"dataset",3021537,NA,"DVN/NPQ3FB","https://doi.org/10.7910/DVN/NPQ3FB","doi","10.7910","Harvard Dataverse","2017-05-31","s3://dvn-cloud:10.7910/DVN/NPQ3FB"
"dataset",3021638,NA,"DVN/WYTRZC","https://doi.org/10.7910/DVN/WYTRZC","doi","10.7910","Harvard Dataverse","2017-06-01","s3://dvn-cloud:10.7910/DVN/WYTRZC"
"dataset",3023059,NA,"DVN/B3YH3T","https://doi.org/10.7910/DVN/B3YH3T","doi","10.7910","Harvard Dataverse","2017-06-06","s3://dvn-cloud:10.7910/DVN/B3YH3T"
"dataset",3027892,NA,"DVN/WSUHI3","https://doi.org/10.7910/DVN/WSUHI3","doi","10.7910","Harvard Dataverse","2017-06-16","s3://dvn-cloud:10.7910/DVN/WSUHI3"
"dataset",3028703,NA,"DVN/LK5ARP","https://doi.org/10.7910/DVN/LK5ARP","doi","10.7910","Harvard Dataverse","2017-06-28","s3://dvn-cloud:10.7910/DVN/LK5ARP"
"dataset",3032394,NA,"DVN/GUAY8P","https://doi.org/10.7910/DVN/GUAY8P","doi","10.7910","Harvard Dataverse","2017-06-30","s3://dvn-cloud:10.7910/DVN/GUAY8P"
"dataset",3033693,NA,"DVN/CQNETA","https://doi.org/10.7910/DVN/CQNETA","doi","10.7910","Harvard Dataverse","2017-08-11","s3://dvn-cloud:10.7910/DVN/CQNETA"
"dataset",3036270,NA,"DVN/LTJIDX","https://doi.org/10.7910/DVN/LTJIDX","doi","10.7910","Harvard Dataverse","2017-07-14","s3://dvn-cloud:10.7910/DVN/LTJIDX"
"dataset",3036329,NA,"DVN/OBGAHG","https://doi.org/10.7910/DVN/OBGAHG","doi","10.7910","Harvard Dataverse","2017-07-24","s3://dvn-cloud:10.7910/DVN/OBGAHG"
"dataset",3037568,NA,"DVN/QZVK4B","https://doi.org/10.7910/DVN/QZVK4B","doi","10.7910","Harvard Dataverse","2017-07-22","s3://dvn-cloud:10.7910/DVN/QZVK4B"
"dataset",3042438,NA,"DVN/WKQTNZ","https://doi.org/10.7910/DVN/WKQTNZ","doi","10.7910","Harvard Dataverse","2017-08-08","s3://dvn-cloud:10.7910/DVN/WKQTNZ"
"dataset",3050347,NA,"DVN/CTAY6U","https://doi.org/10.7910/DVN/CTAY6U","doi","10.7910","Harvard Dataverse","2018-02-22","file"
"dataset",3050357,NA,"DVN/WP7ETR","https://doi.org/10.7910/DVN/WP7ETR","doi","10.7910","Harvard Dataverse","2017-08-31","s3://dvn-cloud:10.7910/DVN/WP7ETR"
"dataset",3051090,NA,"DVN/KGUTGA","https://doi.org/10.7910/DVN/KGUTGA","doi","10.7910","Harvard Dataverse","2017-09-08","s3://dvn-cloud:10.7910/DVN/KGUTGA"
"dataset",3054215,NA,"DVN/3IHOLN","https://doi.org/10.7910/DVN/3IHOLN","doi","10.7910","Harvard Dataverse","2017-09-26","s3://dvn-cloud:10.7910/DVN/3IHOLN"
"dataset",3055452,NA,"DVN/7EGFAM","https://doi.org/10.7910/DVN/7EGFAM","doi","10.7910","Harvard Dataverse","2017-10-02","s3://dvn-cloud:10.7910/DVN/7EGFAM"
"dataset",3055879,NA,"DVN/C3RSF5","https://doi.org/10.7910/DVN/C3RSF5","doi","10.7910","Harvard Dataverse","2017-10-05","file"
"dataset",3061618,NA,"DVN/RRBQAU","https://doi.org/10.7910/DVN/RRBQAU","doi","10.7910","Harvard Dataverse","2017-10-23","file"
"dataset",3072498,NA,"DVN/6HALRE","https://doi.org/10.7910/DVN/6HALRE","doi","10.7910","Harvard Dataverse","2018-03-23","s3://10.7910/DVN/6HALRE"
"dataset",3084985,NA,"DVN/SUS2KV","https://doi.org/10.7910/DVN/SUS2KV","doi","10.7910","Harvard Dataverse","2017-12-07","file"
"dataset",3086997,NA,"DVN/ISJPJN","https://doi.org/10.7910/DVN/ISJPJN","doi","10.7910","Harvard Dataverse","2018-03-23","s3://10.7910/DVN/ISJPJN"
"dataset",3088328,NA,"DVN/SHADUV","https://doi.org/10.7910/DVN/SHADUV","doi","10.7910","Harvard Dataverse","2017-12-09","file"
"dataset",3093006,NA,"DVN/AGRX5U","https://doi.org/10.7910/DVN/AGRX5U","doi","10.7910","Harvard Dataverse","2017-12-28","file"
"dataset",3095014,NA,"DVN/OUAYYH","https://doi.org/10.7910/DVN/OUAYYH","doi","10.7910","Harvard Dataverse","2018-01-02","file"
"dataset",3096608,NA,"DVN/BMTO0R","https://doi.org/10.7910/DVN/BMTO0R","doi","10.7910","Harvard Dataverse","2018-01-03","file"
"dataset",3108921,NA,"DVN/XTJRQN","https://doi.org/10.7910/DVN/XTJRQN","doi","10.7910","Harvard Dataverse","2018-01-26","file"
"dataset",3121269,NA,"DVN/59F366","https://doi.org/10.7910/DVN/59F366","doi","10.7910","Harvard Dataverse","2018-02-13","file"
"dataset",3122671,NA,"DVN/MT7XU0","https://doi.org/10.7910/DVN/MT7XU0","doi","10.7910","Harvard Dataverse","2018-02-07","file"
"dataset",3124059,NA,"DVN/HMYNRV","https://doi.org/10.7910/DVN/HMYNRV","doi","10.7910","Harvard Dataverse","2018-02-12","file"
"dataset",3126630,NA,"DVN/E4I6ZV","https://doi.org/10.7910/DVN/E4I6ZV","doi","10.7910","Harvard Dataverse","2018-03-23","s3://10.7910/DVN/E4I6ZV"
"dataset",3129862,NA,"DVN/PVIGW1","https://doi.org/10.7910/DVN/PVIGW1","doi","10.7910","Harvard Dataverse","2018-03-02","s3://10.7910/DVN/PVIGW1"
"dataset",3135386,NA,"DVN/U23L09","https://doi.org/10.7910/DVN/U23L09","doi","10.7910","Harvard Dataverse","2018-03-19","s3://10.7910/DVN/U23L09"
"dataset",3135601,NA,"DVN/H6DWAO","https://doi.org/10.7910/DVN/H6DWAO","doi","10.7910","Harvard Dataverse","2018-03-23","s3://10.7910/DVN/H6DWAO"
"dataset",3138852,NA,"DVN/CORRXG","https://doi.org/10.7910/DVN/CORRXG","doi","10.7910","Harvard Dataverse","2018-04-02","s3://10.7910/DVN/CORRXG"
"dataset",3142518,NA,"DVN/AJYEDA","https://doi.org/10.7910/DVN/AJYEDA","doi","10.7910","Harvard Dataverse","2018-04-14","s3://10.7910/DVN/AJYEDA"
"dataset",3143646,NA,"DVN/OXZXUB","https://doi.org/10.7910/DVN/OXZXUB","doi","10.7910","Harvard Dataverse","2018-04-16","s3://10.7910/DVN/OXZXUB"
"dataset",3144024,NA,"DVN/RYJK3W","https://doi.org/10.7910/DVN/RYJK3W","doi","10.7910","Harvard Dataverse","2018-06-27","s3://10.7910/DVN/RYJK3W"
"dataset",3146634,NA,"DVN/IZKZET","https://doi.org/10.7910/DVN/IZKZET","doi","10.7910","Harvard Dataverse","2018-04-23","s3://10.7910/DVN/IZKZET"
"dataset",3148646,NA,"DVN/UX39M4","https://doi.org/10.7910/DVN/UX39M4","doi","10.7910","Harvard Dataverse","2018-04-30","s3://10.7910/DVN/UX39M4"
"dataset",3151952,NA,"DVN/92ELXT","https://doi.org/10.7910/DVN/92ELXT","doi","10.7910","Harvard Dataverse","2018-05-08","s3://10.7910/DVN/92ELXT"
"dataset",3151957,NA,"DVN/QHMXAQ","https://doi.org/10.7910/DVN/QHMXAQ","doi","10.7910","Harvard Dataverse","2018-05-08","s3://10.7910/DVN/QHMXAQ"
"dataset",3154016,NA,"DVN/URJM7O","https://doi.org/10.7910/DVN/URJM7O","doi","10.7910","Harvard Dataverse","2018-05-15","s3://10.7910/DVN/URJM7O"
"dataset",3154276,NA,"DVN/TKORD8","https://doi.org/10.7910/DVN/TKORD8","doi","10.7910","Harvard Dataverse","2018-05-28","s3://10.7910/DVN/TKORD8"
"dataset",3156791,NA,"DVN/IJEWYV","https://doi.org/10.7910/DVN/IJEWYV","doi","10.7910","Harvard Dataverse","2018-05-24","s3://10.7910/DVN/IJEWYV"
"dataset",3160200,NA,"DVN/LAYMOS","https://doi.org/10.7910/DVN/LAYMOS","doi","10.7910","Harvard Dataverse","2018-06-27","s3://10.7910/DVN/LAYMOS"
"dataset",3172670,NA,"DVN/2JCJLX","https://doi.org/10.7910/DVN/2JCJLX","doi","10.7910","Harvard Dataverse","2018-06-25","s3://10.7910/DVN/2JCJLX"
"dataset",3175177,NA,"DVN/0AX8T1","https://doi.org/10.7910/DVN/0AX8T1","doi","10.7910","Harvard Dataverse","2018-06-11","s3://10.7910/DVN/0AX8T1"
"dataset",3175435,NA,"DVN/Z0F7KO","https://doi.org/10.7910/DVN/Z0F7KO","doi","10.7910","Harvard Dataverse","2018-06-27","s3://10.7910/DVN/Z0F7KO"
"dataset",3175823,NA,"DVN/MS0NFV","https://doi.org/10.7910/DVN/MS0NFV","doi","10.7910","Harvard Dataverse","2018-06-27","s3://10.7910/DVN/MS0NFV"
"dataset",3179064,NA,"DVN/4SIEEF","https://doi.org/10.7910/DVN/4SIEEF","doi","10.7910","Harvard Dataverse","2018-06-21","s3://10.7910/DVN/4SIEEF"
"dataset",3180733,NA,"DVN/SVGV76","https://doi.org/10.7910/DVN/SVGV76","doi","10.7910","Harvard Dataverse","2018-06-27","s3://10.7910/DVN/SVGV76"
"dataset",3181170,NA,"DVN/O9UVFU","https://doi.org/10.7910/DVN/O9UVFU","doi","10.7910","Harvard Dataverse","2018-06-27","s3://10.7910/DVN/O9UVFU"
"dataset",3184572,NA,"DVN/1HPT9N","https://doi.org/10.7910/DVN/1HPT9N","doi","10.7910","Harvard Dataverse","2018-07-10","s3://10.7910/DVN/1HPT9N"
"dataset",3184788,NA,"DVN/XBWR8N","https://doi.org/10.7910/DVN/XBWR8N","doi","10.7910","Harvard Dataverse","2018-07-11","s3://10.7910/DVN/XBWR8N"
"dataset",3185748,NA,"DVN/ZX4HGA","https://doi.org/10.7910/DVN/ZX4HGA","doi","10.7910","Harvard Dataverse","2018-07-15","s3://10.7910/DVN/ZX4HGA"
"dataset",3196697,NA,"DVN/M0NGKW","https://doi.org/10.7910/DVN/M0NGKW","doi","10.7910","Harvard Dataverse","2018-07-30","s3://10.7910/DVN/M0NGKW"
"dataset",3201456,NA,"DVN/EXISK5","https://doi.org/10.7910/DVN/EXISK5","doi","10.7910","Harvard Dataverse","2018-12-09","s3://10.7910/DVN/EXISK5"
"dataset",3204721,NA,"DVN/SISU79","https://doi.org/10.7910/DVN/SISU79","doi","10.7910","Harvard Dataverse","2018-08-07","s3://10.7910/DVN/SISU79"
"dataset",3209306,NA,"DVN/L4XKEZ","https://doi.org/10.7910/DVN/L4XKEZ","doi","10.7910","Harvard Dataverse","2018-08-21","s3://10.7910/DVN/L4XKEZ"
"dataset",3209413,NA,"DVN/CFEIEQ","https://doi.org/10.7910/DVN/CFEIEQ","doi","10.7910","Harvard Dataverse","2018-08-21","s3://10.7910/DVN/CFEIEQ"
"dataset",3210491,NA,"DVN/DE0OVP","https://doi.org/10.7910/DVN/DE0OVP","doi","10.7910","Harvard Dataverse","2018-08-23","s3://10.7910/DVN/DE0OVP"
"dataset",3211843,NA,"DVN/UBQYXT","https://doi.org/10.7910/DVN/UBQYXT","doi","10.7910","Harvard Dataverse","2019-04-11","s3://10.7910/DVN/UBQYXT"
"dataset",3212043,NA,"DVN/6FBXGL","https://doi.org/10.7910/DVN/6FBXGL","doi","10.7910","Harvard Dataverse","2018-08-28","s3://10.7910/DVN/6FBXGL"
"dataset",3213963,NA,"DVN/ZRUDFC","https://doi.org/10.7910/DVN/ZRUDFC","doi","10.7910","Harvard Dataverse","2018-09-06","s3://10.7910/DVN/ZRUDFC"
"dataset",3214162,NA,"DVN/SWORPS","https://doi.org/10.7910/DVN/SWORPS","doi","10.7910","Harvard Dataverse","2018-10-11","s3://10.7910/DVN/SWORPS"
"dataset",3221187,NA,"DVN/V8DLYR","https://doi.org/10.7910/DVN/V8DLYR","doi","10.7910","Harvard Dataverse","2018-09-12","s3://10.7910/DVN/V8DLYR"
"dataset",3227685,NA,"DVN/YXGVBT","https://doi.org/10.7910/DVN/YXGVBT","doi","10.7910","Harvard Dataverse","2018-09-21","s3://10.7910/DVN/YXGVBT"
"dataset",3239740,NA,"DVN/MZUOWG","https://doi.org/10.7910/DVN/MZUOWG","doi","10.7910","Harvard Dataverse","2018-10-22","s3://10.7910/DVN/MZUOWG"
"dataset",3242377,NA,"DVN/LQQ5FE","https://doi.org/10.7910/DVN/LQQ5FE","doi","10.7910","Harvard Dataverse","2018-10-21","s3://10.7910/DVN/LQQ5FE"
"dataset",3248324,NA,"DVN/UKOSTN","https://doi.org/10.7910/DVN/UKOSTN","doi","10.7910","Harvard Dataverse","2018-10-26","s3://10.7910/DVN/UKOSTN"
"dataset",3316416,NA,"DVN/WKJMZY","https://doi.org/10.7910/DVN/WKJMZY","doi","10.7910","Harvard Dataverse","2019-01-21","s3://10.7910/DVN/WKJMZY"
"dataset",3316949,NA,"DVN/FRGHVR","https://doi.org/10.7910/DVN/FRGHVR","doi","10.7910","Harvard Dataverse","2018-11-18","s3://10.7910/DVN/FRGHVR"
"dataset",3319112,NA,"DVN/8AJYXZ","https://doi.org/10.7910/DVN/8AJYXZ","doi","10.7910","Harvard Dataverse","2018-11-26","s3://10.7910/DVN/8AJYXZ"
"dataset",3324467,NA,"DVN/JXJ0ZS","https://doi.org/10.7910/DVN/JXJ0ZS","doi","10.7910","Harvard Dataverse","2019-01-16","s3://10.7910/DVN/JXJ0ZS"
"dataset",3329832,NA,"DVN/UN2SMP","https://doi.org/10.7910/DVN/UN2SMP","doi","10.7910","Harvard Dataverse","2020-06-01","s3://10.7910/DVN/UN2SMP"
"dataset",3330712,NA,"DVN/ZBZPV3","https://doi.org/10.7910/DVN/ZBZPV3","doi","10.7910","Harvard Dataverse","2019-01-07","s3://10.7910/DVN/ZBZPV3"
"dataset",3333646,NA,"DVN/RDQZUM","https://doi.org/10.7910/DVN/RDQZUM","doi","10.7910","Harvard Dataverse","2018-12-23","s3://10.7910/DVN/RDQZUM"
"dataset",3333982,NA,"DVN/COZN1F","https://doi.org/10.7910/DVN/COZN1F","doi","10.7910","Harvard Dataverse","2018-12-23","s3://10.7910/DVN/COZN1F"
"dataset",3333985,NA,"DVN/CFPACR","https://doi.org/10.7910/DVN/CFPACR","doi","10.7910","Harvard Dataverse","2020-06-01","s3://10.7910/DVN/CFPACR"
"dataset",3336254,NA,"DVN/YKDXJL","https://doi.org/10.7910/DVN/YKDXJL","doi","10.7910","Harvard Dataverse","2019-01-08","s3://10.7910/DVN/YKDXJL"
"dataset",3336521,NA,"DVN/LH7RM3","https://doi.org/10.7910/DVN/LH7RM3","doi","10.7910","Harvard Dataverse","2020-06-01","s3://10.7910/DVN/LH7RM3"
"dataset",3336528,NA,"DVN/VJCL6D","https://doi.org/10.7910/DVN/VJCL6D","doi","10.7910","Harvard Dataverse","2019-01-04","s3://10.7910/DVN/VJCL6D"
"dataset",3337556,NA,"DVN/YDC4XD","https://doi.org/10.7910/DVN/YDC4XD","doi","10.7910","Harvard Dataverse","2019-03-21","s3://10.7910/DVN/YDC4XD"
"dataset",3338094,NA,"DVN/88AACL","https://doi.org/10.7910/DVN/88AACL","doi","10.7910","Harvard Dataverse","2019-01-14","s3://10.7910/DVN/88AACL"
"dataset",3344914,NA,"DVN/VYGJAM","https://doi.org/10.7910/DVN/VYGJAM","doi","10.7910","Harvard Dataverse","2019-01-15","s3://10.7910/DVN/VYGJAM"
"dataset",3345299,NA,"DVN/XYYAQC","https://doi.org/10.7910/DVN/XYYAQC","doi","10.7910","Harvard Dataverse","2019-01-17","s3://10.7910/DVN/XYYAQC"
"dataset",3345346,NA,"DVN/28HGPY","https://doi.org/10.7910/DVN/28HGPY","doi","10.7910","Harvard Dataverse","2020-06-01","s3://10.7910/DVN/28HGPY"
"dataset",3347352,NA,"DVN/8WCOCN","https://doi.org/10.7910/DVN/8WCOCN","doi","10.7910","Harvard Dataverse","2019-01-25","s3://10.7910/DVN/8WCOCN"
"dataset",3347760,NA,"DVN/USP7LQ","https://doi.org/10.7910/DVN/USP7LQ","doi","10.7910","Harvard Dataverse","2019-01-26","s3://10.7910/DVN/USP7LQ"
"dataset",3349918,NA,"DVN/T89O95","https://doi.org/10.7910/DVN/T89O95","doi","10.7910","Harvard Dataverse","2019-02-01","s3://10.7910/DVN/T89O95"
"dataset",3355356,NA,"DVN/WFRUXM","https://doi.org/10.7910/DVN/WFRUXM","doi","10.7910","Harvard Dataverse","2019-02-08","s3://10.7910/DVN/WFRUXM"
"dataset",3363580,NA,"DVN/T4GBDS","https://doi.org/10.7910/DVN/T4GBDS","doi","10.7910","Harvard Dataverse","2019-02-22","s3://10.7910/DVN/T4GBDS"
"dataset",3370049,NA,"DVN/59NTIL","https://doi.org/10.7910/DVN/59NTIL","doi","10.7910","Harvard Dataverse","2019-03-02","s3://10.7910/DVN/59NTIL"
"dataset",3374020,NA,"DVN/BRJNBS","https://doi.org/10.7910/DVN/BRJNBS","doi","10.7910","Harvard Dataverse","2019-04-08","s3://10.7910/DVN/BRJNBS"
"dataset",3376571,NA,"DVN/YXWASQ","https://doi.org/10.7910/DVN/YXWASQ","doi","10.7910","Harvard Dataverse","2019-03-21","s3://10.7910/DVN/YXWASQ"
"dataset",3377047,NA,"DVN/R9PGXI","https://doi.org/10.7910/DVN/R9PGXI","doi","10.7910","Harvard Dataverse","2019-04-08","s3://10.7910/DVN/R9PGXI"
"dataset",3392242,NA,"DVN/OQG8DB","https://doi.org/10.7910/DVN/OQG8DB","doi","10.7910","Harvard Dataverse","2020-06-01","s3://10.7910/DVN/OQG8DB"
"dataset",3425387,NA,"DVN/NNXBHP","https://doi.org/10.7910/DVN/NNXBHP","doi","10.7910","Harvard Dataverse","2019-05-06","s3://10.7910/DVN/NNXBHP"
"dataset",3427302,NA,"DVN/GZRCCJ","https://doi.org/10.7910/DVN/GZRCCJ","doi","10.7910","Harvard Dataverse","2019-05-12","s3://10.7910/DVN/GZRCCJ"
"dataset",3431893,NA,"DVN/MPLQUI","https://doi.org/10.7910/DVN/MPLQUI","doi","10.7910","Harvard Dataverse","2019-05-21","s3://10.7910/DVN/MPLQUI"
"dataset",3436975,NA,"DVN/GUATS6","https://doi.org/10.7910/DVN/GUATS6","doi","10.7910","Harvard Dataverse","2019-05-25","s3://10.7910/DVN/GUATS6"
"dataset",3441426,NA,"DVN/7PAB1N","https://doi.org/10.7910/DVN/7PAB1N","doi","10.7910","Harvard Dataverse","2019-05-31","s3://10.7910/DVN/7PAB1N"
"dataset",3442643,NA,"DVN/J33F9O","https://doi.org/10.7910/DVN/J33F9O","doi","10.7910","Harvard Dataverse","2019-06-12","s3://10.7910/DVN/J33F9O"
"dataset",3451049,NA,"DVN/FY7SVG","https://doi.org/10.7910/DVN/FY7SVG","doi","10.7910","Harvard Dataverse","2019-06-14","s3://10.7910/DVN/FY7SVG"
"dataset",3452893,NA,"DVN/Q7USJQ","https://doi.org/10.7910/DVN/Q7USJQ","doi","10.7910","Harvard Dataverse","2019-06-21","s3://10.7910/DVN/Q7USJQ"
"dataset",3464390,NA,"DVN/PURXWF","https://doi.org/10.7910/DVN/PURXWF","doi","10.7910","Harvard Dataverse","2019-07-06","s3://10.7910/DVN/PURXWF"
"dataset",3475137,NA,"DVN/CMVB4Q","https://doi.org/10.7910/DVN/CMVB4Q","doi","10.7910","Harvard Dataverse","2020-06-01","s3://10.7910/DVN/CMVB4Q"
"dataset",3493317,NA,"DVN/BGTAGA","https://doi.org/10.7910/DVN/BGTAGA","doi","10.7910","Harvard Dataverse","2019-08-08","s3://10.7910/DVN/BGTAGA"
"dataset",3539180,NA,"DVN/YBCZHI","https://doi.org/10.7910/DVN/YBCZHI","doi","10.7910","Harvard Dataverse","2019-08-17","s3://10.7910/DVN/YBCZHI"
"dataset",3583845,NA,"DVN/0PVY33","https://doi.org/10.7910/DVN/0PVY33","doi","10.7910","Harvard Dataverse","2020-06-01","s3://10.7910/DVN/0PVY33"
"dataset",3588643,NA,"DVN/SKUWAQ","https://doi.org/10.7910/DVN/SKUWAQ","doi","10.7910","Harvard Dataverse","2019-09-23","s3://10.7910/DVN/SKUWAQ"
"dataset",3589122,NA,"DVN/RUNY3Y","https://doi.org/10.7910/DVN/RUNY3Y","doi","10.7910","Harvard Dataverse","2019-09-24","s3://10.7910/DVN/RUNY3Y"
"dataset",3596782,NA,"DVN/HPMEVO","https://doi.org/10.7910/DVN/HPMEVO","doi","10.7910","Harvard Dataverse","2019-10-09","s3://10.7910/DVN/HPMEVO"
"dataset",3596830,NA,"DVN/CVOTBI","https://doi.org/10.7910/DVN/CVOTBI","doi","10.7910","Harvard Dataverse","2019-10-04","s3://10.7910/DVN/CVOTBI"
"dataset",3599418,NA,"DVN/J9IJGM","https://doi.org/10.7910/DVN/J9IJGM","doi","10.7910","Harvard Dataverse","2020-06-01","s3://10.7910/DVN/J9IJGM"
"dataset",3603736,NA,"DVN/YN03BJ","https://doi.org/10.7910/DVN/YN03BJ","doi","10.7910","Harvard Dataverse","2019-10-17","s3://10.7910/DVN/YN03BJ"
"dataset",3605891,NA,"DVN/MMG1F3","https://doi.org/10.7910/DVN/MMG1F3","doi","10.7910","Harvard Dataverse","2019-10-16","s3://10.7910/DVN/MMG1F3"
"dataset",3608418,NA,"DVN/7JW4EL","https://doi.org/10.7910/DVN/7JW4EL","doi","10.7910","Harvard Dataverse","2019-10-18","s3://10.7910/DVN/7JW4EL"
"dataset",3623871,NA,"DVN/01F70K","https://doi.org/10.7910/DVN/01F70K","doi","10.7910","Harvard Dataverse","2020-02-28","s3://10.7910/DVN/01F70K"
"dataset",3624916,NA,"DVN/X6MMEJ","https://doi.org/10.7910/DVN/X6MMEJ","doi","10.7910","Harvard Dataverse","2019-11-15","s3://10.7910/DVN/X6MMEJ"
"dataset",3630624,NA,"DVN/GAX8JV","https://doi.org/10.7910/DVN/GAX8JV","doi","10.7910","Harvard Dataverse","2019-11-22","s3://10.7910/DVN/GAX8JV"
"dataset",3641729,NA,"DVN/KKUZXW","https://doi.org/10.7910/DVN/KKUZXW","doi","10.7910","Harvard Dataverse","2020-04-22","s3://10.7910/DVN/KKUZXW"
"dataset",3643678,NA,"DVN/ZKDNHH","https://doi.org/10.7910/DVN/ZKDNHH","doi","10.7910","Harvard Dataverse","2020-06-01","s3://10.7910/DVN/ZKDNHH"
"dataset",3643928,NA,"DVN/TRR0DK","https://doi.org/10.7910/DVN/TRR0DK","doi","10.7910","Harvard Dataverse","2020-01-27","s3://10.7910/DVN/TRR0DK"
"dataset",3651339,NA,"DVN/Z6YXV0","https://doi.org/10.7910/DVN/Z6YXV0","doi","10.7910","Harvard Dataverse","2019-12-20","s3://10.7910/DVN/Z6YXV0"
"dataset",3653494,NA,"DVN/TGMF6R","https://doi.org/10.7910/DVN/TGMF6R","doi","10.7910","Harvard Dataverse","2019-12-30","s3://10.7910/DVN/TGMF6R"
"dataset",3666388,NA,"DVN/SUDLEG","https://doi.org/10.7910/DVN/SUDLEG","doi","10.7910","Harvard Dataverse","2020-01-22","s3://10.7910/DVN/SUDLEG"
"dataset",3674393,NA,"DVN/TDDMIB","https://doi.org/10.7910/DVN/TDDMIB","doi","10.7910","Harvard Dataverse","2020-02-28","s3://10.7910/DVN/TDDMIB"
"dataset",3674955,NA,"DVN/9GMWFE","https://doi.org/10.7910/DVN/9GMWFE","doi","10.7910","Harvard Dataverse","2020-02-07","s3://10.7910/DVN/9GMWFE"
"dataset",3725701,NA,"DVN/GZDRRG","https://doi.org/10.7910/DVN/GZDRRG","doi","10.7910","Harvard Dataverse","2020-02-18","s3://10.7910/DVN/GZDRRG"
"dataset",3743626,NA,"DVN/WGPDBS","https://doi.org/10.7910/DVN/WGPDBS","doi","10.7910","Harvard Dataverse","2020-06-01","s3://10.7910/DVN/WGPDBS"
"dataset",3783517,NA,"DVN/FRBXQW","https://doi.org/10.7910/DVN/FRBXQW","doi","10.7910","Harvard Dataverse","2020-03-27","s3://10.7910/DVN/FRBXQW"
"dataset",3783645,NA,"DVN/IONQ8V","https://doi.org/10.7910/DVN/IONQ8V","doi","10.7910","Harvard Dataverse","2020-06-01","s3://10.7910/DVN/IONQ8V"
"dataset",3788863,NA,"DVN/X4EUKO","https://doi.org/10.7910/DVN/X4EUKO","doi","10.7910","Harvard Dataverse","2020-04-01","s3://10.7910/DVN/X4EUKO"
"dataset",3796807,NA,"DVN/O8MLXX","https://doi.org/10.7910/DVN/O8MLXX","doi","10.7910","Harvard Dataverse","2020-04-07","s3://10.7910/DVN/O8MLXX"
"dataset",3802374,NA,"DVN/KDGUS6","https://doi.org/10.7910/DVN/KDGUS6","doi","10.7910","Harvard Dataverse","2020-04-16","s3://10.7910/DVN/KDGUS6"
"dataset",3814432,NA,"DVN/QWVACY","https://doi.org/10.7910/DVN/QWVACY","doi","10.7910","Harvard Dataverse","2020-04-25","s3://10.7910/DVN/QWVACY"
"dataset",3819700,NA,"DVN/OQBWQ4","https://doi.org/10.7910/DVN/OQBWQ4","doi","10.7910","Harvard Dataverse","2020-04-27","s3://10.7910/DVN/OQBWQ4"
"dataset",3819710,NA,"DVN/BU9XAZ","https://doi.org/10.7910/DVN/BU9XAZ","doi","10.7910","Harvard Dataverse","2020-04-27","s3://10.7910/DVN/BU9XAZ"
"dataset",3821567,NA,"DVN/FMVTUF","https://doi.org/10.7910/DVN/FMVTUF","doi","10.7910","Harvard Dataverse","2020-04-30","s3://10.7910/DVN/FMVTUF"
"dataset",3830147,NA,"DVN/Z66XXP","https://doi.org/10.7910/DVN/Z66XXP","doi","10.7910","Harvard Dataverse","2020-05-14","s3://10.7910/DVN/Z66XXP"
"dataset",3833933,NA,"DVN/ZWAGXZ","https://doi.org/10.7910/DVN/ZWAGXZ","doi","10.7910","Harvard Dataverse","2020-05-13","s3://10.7910/DVN/ZWAGXZ"
"dataset",3852770,NA,"DVN/HWWVAX","https://doi.org/10.7910/DVN/HWWVAX","doi","10.7910","Harvard Dataverse","2020-05-29","s3://10.7910/DVN/HWWVAX"
"dataset",3853335,NA,"DVN/I2XZTY","https://doi.org/10.7910/DVN/I2XZTY","doi","10.7910","Harvard Dataverse","2020-06-01","s3://10.7910/DVN/I2XZTY"
"dataset",3854045,NA,"DVN/LIVEUK","https://doi.org/10.7910/DVN/LIVEUK","doi","10.7910","Harvard Dataverse","2020-06-01","s3://10.7910/DVN/LIVEUK"
"dataset",3864806,NA,"DVN/RINGFV","https://doi.org/10.7910/DVN/RINGFV","doi","10.7910","Harvard Dataverse","2020-06-07","s3://10.7910/DVN/RINGFV"
"dataset",3875283,NA,"DVN/MHLM6J","https://doi.org/10.7910/DVN/MHLM6J","doi","10.7910","Harvard Dataverse","2020-06-22","s3://10.7910/DVN/MHLM6J"
"dataset",3891315,NA,"DVN/EFXNLX","https://doi.org/10.7910/DVN/EFXNLX","doi","10.7910","Harvard Dataverse","2020-06-22","s3://10.7910/DVN/EFXNLX"
"dataset",3891321,NA,"DVN/BA2WPD","https://doi.org/10.7910/DVN/BA2WPD","doi","10.7910","Harvard Dataverse","2020-06-22","s3://10.7910/DVN/BA2WPD"
"dataset",3904670,NA,"DVN/78ZHZH","https://doi.org/10.7910/DVN/78ZHZH","doi","10.7910","Harvard Dataverse","2020-06-27","s3://10.7910/DVN/78ZHZH"
"dataset",3906773,NA,"DVN/KVTPVX","https://doi.org/10.7910/DVN/KVTPVX","doi","10.7910","Harvard Dataverse","2020-06-29","s3://10.7910/DVN/KVTPVX"
"dataset",3910595,NA,"DVN/OF2PIH","https://doi.org/10.7910/DVN/OF2PIH","doi","10.7910","Harvard Dataverse","2020-07-01","s3://10.7910/DVN/OF2PIH"
"dataset",3994464,NA,"DVN/OWOZSD","https://doi.org/10.7910/DVN/OWOZSD","doi","10.7910","Harvard Dataverse","2020-08-03","s3://10.7910/DVN/OWOZSD"
"dataset",4016242,NA,"DVN/IWLKCW","https://doi.org/10.7910/DVN/IWLKCW","doi","10.7910","Harvard Dataverse","2020-08-23","s3://10.7910/DVN/IWLKCW"
"dataset",4033826,NA,"DVN/U0ITDX","https://doi.org/10.7910/DVN/U0ITDX","doi","10.7910","Harvard Dataverse","2020-08-25","s3://10.7910/DVN/U0ITDX"
"dataset",4034570,NA,"DVN/3VQXIM","https://doi.org/10.7910/DVN/3VQXIM","doi","10.7910","Harvard Dataverse","2020-08-27","s3://10.7910/DVN/3VQXIM"
"dataset",4034894,NA,"DVN/KH0JJR","https://doi.org/10.7910/DVN/KH0JJR","doi","10.7910","Harvard Dataverse","2020-08-27","s3://10.7910/DVN/KH0JJR"
"dataset",4034977,NA,"DVN/OJQV5O","https://doi.org/10.7910/DVN/OJQV5O","doi","10.7910","Harvard Dataverse","2020-08-28","s3://10.7910/DVN/OJQV5O"
"dataset",4045487,NA,"DVN/Q7SFJW","https://doi.org/10.7910/DVN/Q7SFJW","doi","10.7910","Harvard Dataverse","2020-08-29","s3://10.7910/DVN/Q7SFJW"
"dataset",4054983,NA,"DVN/IRUDXK","https://doi.org/10.7910/DVN/IRUDXK","doi","10.7910","Harvard Dataverse","2020-09-02","s3://10.7910/DVN/IRUDXK"
"dataset",4081597,NA,"DVN/IOX23B","https://doi.org/10.7910/DVN/IOX23B","doi","10.7910","Harvard Dataverse","2020-09-20","s3://10.7910/DVN/IOX23B"
"dataset",4093285,NA,"DVN/IXOMN4","https://doi.org/10.7910/DVN/IXOMN4","doi","10.7910","Harvard Dataverse","2020-09-24","s3://10.7910/DVN/IXOMN4"
"dataset",4099983,NA,"DVN/CTWSDT","https://doi.org/10.7910/DVN/CTWSDT","doi","10.7910","Harvard Dataverse","2020-10-03","s3://10.7910/DVN/CTWSDT"
"dataset",4158225,NA,"DVN/RZVEJ7","https://doi.org/10.7910/DVN/RZVEJ7","doi","10.7910","Harvard Dataverse","2020-10-29","s3://10.7910/DVN/RZVEJ7"
"dataset",4160080,NA,"DVN/9IZO5I","https://doi.org/10.7910/DVN/9IZO5I","doi","10.7910","Harvard Dataverse","2020-11-09","s3://10.7910/DVN/9IZO5I"
"dataset",4160946,NA,"DVN/2CD3VZ","https://doi.org/10.7910/DVN/2CD3VZ","doi","10.7910","Harvard Dataverse","2020-10-30","s3://10.7910/DVN/2CD3VZ"
"dataset",4171560,NA,"DVN/IVLUBU","https://doi.org/10.7910/DVN/IVLUBU","doi","10.7910","Harvard Dataverse","2020-11-12","s3://10.7910/DVN/IVLUBU"
"dataset",4175670,NA,"DVN/JF3Z7V","https://doi.org/10.7910/DVN/JF3Z7V","doi","10.7910","Harvard Dataverse","2020-11-17","s3://10.7910/DVN/JF3Z7V"
"dataset",4176608,NA,"DVN/RGZWNJ","https://doi.org/10.7910/DVN/RGZWNJ","doi","10.7910","Harvard Dataverse","2020-11-18","s3://10.7910/DVN/RGZWNJ"
"dataset",4180095,NA,"DVN/IJIBH3","https://doi.org/10.7910/DVN/IJIBH3","doi","10.7910","Harvard Dataverse","2020-11-20","s3://10.7910/DVN/IJIBH3"
"dataset",4271475,NA,"DVN/XJ2BDK","https://doi.org/10.7910/DVN/XJ2BDK","doi","10.7910","Harvard Dataverse","2020-12-21","s3://10.7910/DVN/XJ2BDK"
"dataset",4278980,NA,"DVN/3DIDV7","https://doi.org/10.7910/DVN/3DIDV7","doi","10.7910","Harvard Dataverse","2020-12-29","s3://10.7910/DVN/3DIDV7"
"dataset",4285713,NA,"DVN/0BLAWN","https://doi.org/10.7910/DVN/0BLAWN","doi","10.7910","Harvard Dataverse","2021-01-04","s3://10.7910/DVN/0BLAWN"
"dataset",4291531,NA,"DVN/VQCGNW","https://doi.org/10.7910/DVN/VQCGNW","doi","10.7910","Harvard Dataverse","2021-01-09","s3://10.7910/DVN/VQCGNW"
"dataset",4298442,NA,"DVN/ZRWAR0","https://doi.org/10.7910/DVN/ZRWAR0","doi","10.7910","Harvard Dataverse","2021-01-11","s3://10.7910/DVN/ZRWAR0"
"dataset",4298537,NA,"DVN/XWLQ6P","https://doi.org/10.7910/DVN/XWLQ6P","doi","10.7910","Harvard Dataverse","2021-01-18","s3://10.7910/DVN/XWLQ6P"
"dataset",4302093,NA,"DVN/ZEYLMH","https://doi.org/10.7910/DVN/ZEYLMH","doi","10.7910","Harvard Dataverse","2021-01-15","s3://10.7910/DVN/ZEYLMH"
"dataset",4305122,NA,"DVN/8GWO7H","https://doi.org/10.7910/DVN/8GWO7H","doi","10.7910","Harvard Dataverse","2021-01-22","s3://10.7910/DVN/8GWO7H"
"dataset",4306079,NA,"DVN/GJIIU3","https://doi.org/10.7910/DVN/GJIIU3","doi","10.7910","Harvard Dataverse","2021-01-20","s3://10.7910/DVN/GJIIU3"
"dataset",4308283,NA,"DVN/8KQHYP","https://doi.org/10.7910/DVN/8KQHYP","doi","10.7910","Harvard Dataverse","2021-01-22","s3://10.7910/DVN/8KQHYP"
"dataset",4309128,NA,"DVN/UIF9BL","https://doi.org/10.7910/DVN/UIF9BL","doi","10.7910","Harvard Dataverse","2021-01-22","s3://10.7910/DVN/UIF9BL"
"dataset",4326389,NA,"DVN/ZNBYLT","https://doi.org/10.7910/DVN/ZNBYLT","doi","10.7910","Harvard Dataverse","2021-01-25","s3://10.7910/DVN/ZNBYLT"
"dataset",4329406,NA,"DVN/J8TLGX","https://doi.org/10.7910/DVN/J8TLGX","doi","10.7910","Harvard Dataverse","2021-01-26","s3://10.7910/DVN/J8TLGX"
"dataset",4330789,NA,"DVN/J62BZM","https://doi.org/10.7910/DVN/J62BZM","doi","10.7910","Harvard Dataverse","2021-01-28","s3://10.7910/DVN/J62BZM"
"dataset",4377802,NA,"DVN/K8J8GU","https://doi.org/10.7910/DVN/K8J8GU","doi","10.7910","Harvard Dataverse","2021-02-11","s3://10.7910/DVN/K8J8GU"
"dataset",4378692,NA,"DVN/ONMBPF","https://doi.org/10.7910/DVN/ONMBPF","doi","10.7910","Harvard Dataverse","2021-02-12","s3://10.7910/DVN/ONMBPF"
"dataset",4411250,NA,"DVN/YCOSD2","https://doi.org/10.7910/DVN/YCOSD2","doi","10.7910","Harvard Dataverse","2021-02-17","s3://10.7910/DVN/YCOSD2"
"dataset",4443553,NA,"DVN/DYHANZ","https://doi.org/10.7910/DVN/DYHANZ","doi","10.7910","Harvard Dataverse","2021-03-16","s3://10.7910/DVN/DYHANZ"
"dataset",4458526,NA,"DVN/RTUBVV","https://doi.org/10.7910/DVN/RTUBVV","doi","10.7910","Harvard Dataverse","2021-03-15","s3://10.7910/DVN/RTUBVV"
"dataset",4494496,NA,"DVN/SZNZBV","https://doi.org/10.7910/DVN/SZNZBV","doi","10.7910","Harvard Dataverse","2021-04-09","s3://10.7910/DVN/SZNZBV"
"dataset",4494619,NA,"DVN/IB9OSK","https://doi.org/10.7910/DVN/IB9OSK","doi","10.7910","Harvard Dataverse","2021-04-01","s3://10.7910/DVN/IB9OSK"
"dataset",4551044,NA,"DVN/5ZAFIF","https://doi.org/10.7910/DVN/5ZAFIF","doi","10.7910","Harvard Dataverse","2021-04-13","s3://10.7910/DVN/5ZAFIF"
"dataset",4554343,NA,"DVN/LYW91V","https://doi.org/10.7910/DVN/LYW91V","doi","10.7910","Harvard Dataverse","2021-04-24","s3://10.7910/DVN/LYW91V"
"dataset",4604314,NA,"DVN/FIHGN0","https://doi.org/10.7910/DVN/FIHGN0","doi","10.7910","Harvard Dataverse","2021-04-30","s3://10.7910/DVN/FIHGN0"
"dataset",4607385,NA,"DVN/MPPMA7","https://doi.org/10.7910/DVN/MPPMA7","doi","10.7910","Harvard Dataverse","2021-05-02","s3://10.7910/DVN/MPPMA7"
"dataset",4621562,NA,"DVN/LGWQB5","https://doi.org/10.7910/DVN/LGWQB5","doi","10.7910","Harvard Dataverse","2021-05-05","s3://10.7910/DVN/LGWQB5"
"dataset",4625551,NA,"DVN/GQOAJG","https://doi.org/10.7910/DVN/GQOAJG","doi","10.7910","Harvard Dataverse","2021-05-07","s3://10.7910/DVN/GQOAJG"
"dataset",4625566,NA,"DVN/XFCGKU","https://doi.org/10.7910/DVN/XFCGKU","doi","10.7910","Harvard Dataverse","2022-01-31","s3://10.7910/DVN/XFCGKU"
"dataset",4655525,NA,"DVN/BVQU65","https://doi.org/10.7910/DVN/BVQU65","doi","10.7910","Harvard Dataverse","2021-05-17","s3://10.7910/DVN/BVQU65"
"dataset",4655612,NA,"DVN/SRYVKV","https://doi.org/10.7910/DVN/SRYVKV","doi","10.7910","Harvard Dataverse","2021-05-18","s3://10.7910/DVN/SRYVKV"
"dataset",4725022,NA,"DVN/EYE5IF","https://doi.org/10.7910/DVN/EYE5IF","doi","10.7910","Harvard Dataverse","2021-06-29","s3://10.7910/DVN/EYE5IF"
"dataset",4806044,NA,"DVN/PG2RCO","https://doi.org/10.7910/DVN/PG2RCO","doi","10.7910","Harvard Dataverse","2021-06-14","s3://10.7910/DVN/PG2RCO"
"dataset",4824654,NA,"DVN/VSNQPI","https://doi.org/10.7910/DVN/VSNQPI","doi","10.7910","Harvard Dataverse","2021-06-25","s3://10.7910/DVN/VSNQPI"
"dataset",4880104,NA,"DVN/6MFGLC","https://doi.org/10.7910/DVN/6MFGLC","doi","10.7910","Harvard Dataverse","2021-07-07","s3://10.7910/DVN/6MFGLC"
"dataset",4889188,NA,"DVN/TAZPWZ","https://doi.org/10.7910/DVN/TAZPWZ","doi","10.7910","Harvard Dataverse","2021-07-13","s3://10.7910/DVN/TAZPWZ"
"dataset",4910363,NA,"DVN/VCWAXV","https://doi.org/10.7910/DVN/VCWAXV","doi","10.7910","Harvard Dataverse","2021-07-22","s3://10.7910/DVN/VCWAXV"
"dataset",4923393,NA,"DVN/IEPB4B","https://doi.org/10.7910/DVN/IEPB4B","doi","10.7910","Harvard Dataverse","2021-07-25","s3://10.7910/DVN/IEPB4B"
"dataset",4934589,NA,"DVN/MO72A2","https://doi.org/10.7910/DVN/MO72A2","doi","10.7910","Harvard Dataverse","2021-07-28","s3://10.7910/DVN/MO72A2"
"dataset",4935048,NA,"DVN/CMFPFR","https://doi.org/10.7910/DVN/CMFPFR","doi","10.7910","Harvard Dataverse","2021-07-29","s3://10.7910/DVN/CMFPFR"
"dataset",4956730,NA,"DVN/ESGRRS","https://doi.org/10.7910/DVN/ESGRRS","doi","10.7910","Harvard Dataverse","2021-08-05","s3://10.7910/DVN/ESGRRS"
"dataset",5014148,NA,"DVN/YBKP8C","https://doi.org/10.7910/DVN/YBKP8C","doi","10.7910","Harvard Dataverse","2021-08-26","s3://10.7910/DVN/YBKP8C"
"dataset",5021063,NA,"DVN/RWFPHU","https://doi.org/10.7910/DVN/RWFPHU","doi","10.7910","Harvard Dataverse","2021-09-08","s3://10.7910/DVN/RWFPHU"
"dataset",5192566,NA,"DVN/TD6YHR","https://doi.org/10.7910/DVN/TD6YHR","doi","10.7910","Harvard Dataverse","2021-09-21","s3://10.7910/DVN/TD6YHR"
"dataset",5251470,NA,"DVN/R57MJ4","https://doi.org/10.7910/DVN/R57MJ4","doi","10.7910","Harvard Dataverse","2021-10-14","s3://10.7910/DVN/R57MJ4"
"dataset",5256505,NA,"DVN/N6UCR3","https://doi.org/10.7910/DVN/N6UCR3","doi","10.7910","Harvard Dataverse","2022-02-14","s3://10.7910/DVN/N6UCR3"
"dataset",5257883,NA,"DVN/QWYXTK","https://doi.org/10.7910/DVN/QWYXTK","doi","10.7910","Harvard Dataverse","2021-10-22","s3://10.7910/DVN/QWYXTK"
"dataset",5370475,NA,"DVN/0ZSTDM","https://doi.org/10.7910/DVN/0ZSTDM","doi","10.7910","Harvard Dataverse","2021-11-01","s3://10.7910/DVN/0ZSTDM"
"dataset",5408553,NA,"DVN/BPNCX4","https://doi.org/10.7910/DVN/BPNCX4","doi","10.7910","Harvard Dataverse","2021-11-11","s3://10.7910/DVN/BPNCX4"
"dataset",5425817,NA,"DVN/7IW6JF","https://doi.org/10.7910/DVN/7IW6JF","doi","10.7910","Harvard Dataverse","2021-11-22","s3://10.7910/DVN/7IW6JF"
"dataset",5431986,NA,"DVN/7IWKOV","https://doi.org/10.7910/DVN/7IWKOV","doi","10.7910","Harvard Dataverse","2021-11-26","s3://10.7910/DVN/7IWKOV"
"dataset",5598107,NA,"DVN/IAD3SQ","https://doi.org/10.7910/DVN/IAD3SQ","doi","10.7910","Harvard Dataverse","2021-12-07","s3://10.7910/DVN/IAD3SQ"
"dataset",5614235,NA,"DVN/43NTUY","https://doi.org/10.7910/DVN/43NTUY","doi","10.7910","Harvard Dataverse","2021-12-07","s3://10.7910/DVN/43NTUY"
"dataset",5655743,NA,"DVN/ZQDC1D","https://doi.org/10.7910/DVN/ZQDC1D","doi","10.7910","Harvard Dataverse","2021-12-17","s3://10.7910/DVN/ZQDC1D"
"dataset",5657004,NA,"DVN/TY8RB9","https://doi.org/10.7910/DVN/TY8RB9","doi","10.7910","Harvard Dataverse","2021-12-16","s3://10.7910/DVN/TY8RB9"
"dataset",5658307,NA,"DVN/GCZG82","https://doi.org/10.7910/DVN/GCZG82","doi","10.7910","Harvard Dataverse","2021-12-16","s3://10.7910/DVN/GCZG82"
"dataset",5705143,NA,"DVN/ZXYKLX","https://doi.org/10.7910/DVN/ZXYKLX","doi","10.7910","Harvard Dataverse","2021-12-29","s3://10.7910/DVN/ZXYKLX"
"dataset",5713510,NA,"DVN/ITWSK2","https://doi.org/10.7910/DVN/ITWSK2","doi","10.7910","Harvard Dataverse","2022-01-06","s3://10.7910/DVN/ITWSK2"
"dataset",5743941,NA,"DVN/TA4DUW","https://doi.org/10.7910/DVN/TA4DUW","doi","10.7910","Harvard Dataverse","2022-01-15","s3://10.7910/DVN/TA4DUW"
"dataset",5804913,NA,"DVN/POV0O0","https://doi.org/10.7910/DVN/POV0O0","doi","10.7910","Harvard Dataverse","2022-02-08","s3://10.7910/DVN/POV0O0"
"dataset",5809435,NA,"DVN/KBX2SL","https://doi.org/10.7910/DVN/KBX2SL","doi","10.7910","Harvard Dataverse","2022-02-03","s3://10.7910/DVN/KBX2SL"
"dataset",5810378,NA,"DVN/BEC5IZ","https://doi.org/10.7910/DVN/BEC5IZ","doi","10.7910","Harvard Dataverse","2022-02-03","s3://10.7910/DVN/BEC5IZ"
"dataset",5810548,NA,"DVN/01BU1N","https://doi.org/10.7910/DVN/01BU1N","doi","10.7910","Harvard Dataverse","2022-02-04","s3://10.7910/DVN/01BU1N"
"dataset",5840607,NA,"DVN/YGSMIF","https://doi.org/10.7910/DVN/YGSMIF","doi","10.7910","Harvard Dataverse","2022-02-06","s3://10.7910/DVN/YGSMIF"
"dataset",6020160,NA,"DVN/ZWLFWO","https://doi.org/10.7910/DVN/ZWLFWO","doi","10.7910","Harvard Dataverse","2022-02-15","s3://10.7910/DVN/ZWLFWO"
"dataset",6038581,NA,"DVN/CY4D8P","https://doi.org/10.7910/DVN/CY4D8P","doi","10.7910","Harvard Dataverse","2022-02-21","s3://10.7910/DVN/CY4D8P"
"dataset",6042679,NA,"DVN/KKOHWP","https://doi.org/10.7910/DVN/KKOHWP","doi","10.7910","Harvard Dataverse","2022-02-25","s3://10.7910/DVN/KKOHWP"
"dataset",6049989,NA,"DVN/IISRW5","https://doi.org/10.7910/DVN/IISRW5","doi","10.7910","Harvard Dataverse","2022-03-01","s3://10.7910/DVN/IISRW5"
"dataset",6063830,NA,"DVN/WXOYVM","https://doi.org/10.7910/DVN/WXOYVM","doi","10.7910","Harvard Dataverse","2022-03-04","s3://10.7910/DVN/WXOYVM"
"dataset",6081639,NA,"DVN/TBBSFI","https://doi.org/10.7910/DVN/TBBSFI","doi","10.7910","Harvard Dataverse","2022-03-18","s3://10.7910/DVN/TBBSFI"
"dataset",6153853,NA,"DVN/S1ULGB","https://doi.org/10.7910/DVN/S1ULGB","doi","10.7910","Harvard Dataverse","2022-03-25","s3://10.7910/DVN/S1ULGB"
"dataset",6157005,NA,"DVN/KNYOWY","https://doi.org/10.7910/DVN/KNYOWY","doi","10.7910","Harvard Dataverse","2022-03-31","s3://10.7910/DVN/KNYOWY"
"dataset",6157906,NA,"DVN/DIIYV3","https://doi.org/10.7910/DVN/DIIYV3","doi","10.7910","Harvard Dataverse","2022-04-04","s3://10.7910/DVN/DIIYV3"
"dataset",6163153,NA,"DVN/KLRTHN","https://doi.org/10.7910/DVN/KLRTHN","doi","10.7910","Harvard Dataverse","2022-04-06","s3://10.7910/DVN/KLRTHN"
"dataset",6166125,NA,"DVN/QEQDDG","https://doi.org/10.7910/DVN/QEQDDG","doi","10.7910","Harvard Dataverse","2022-04-09","s3://10.7910/DVN/QEQDDG"
"dataset",6286238,NA,"DVN/NBS63L","https://doi.org/10.7910/DVN/NBS63L","doi","10.7910","Harvard Dataverse","2022-05-08","s3://10.7910/DVN/NBS63L"
"dataset",6311036,NA,"DVN/VHWKQP","https://doi.org/10.7910/DVN/VHWKQP","doi","10.7910","Harvard Dataverse","2022-06-02","s3://10.7910/DVN/VHWKQP"
"dataset",6312357,NA,"DVN/R2EO73","https://doi.org/10.7910/DVN/R2EO73","doi","10.7910","Harvard Dataverse","2022-05-31","s3://10.7910/DVN/R2EO73"
"dataset",6314651,NA,"DVN/BFOY4A","https://doi.org/10.7910/DVN/BFOY4A","doi","10.7910","Harvard Dataverse","2022-07-21","s3://10.7910/DVN/BFOY4A"
"dataset",6322371,NA,"DVN/4KU6NI","https://doi.org/10.7910/DVN/4KU6NI","doi","10.7910","Harvard Dataverse","2022-06-09","s3://10.7910/DVN/4KU6NI"
"dataset",6334385,NA,"DVN/MLERXI","https://doi.org/10.7910/DVN/MLERXI","doi","10.7910","Harvard Dataverse","2022-06-15","s3://10.7910/DVN/MLERXI"
"dataset",6354322,NA,"DVN/6ECD1D","https://doi.org/10.7910/DVN/6ECD1D","doi","10.7910","Harvard Dataverse","2022-07-07","s3://10.7910/DVN/6ECD1D"
"dataset",6361628,NA,"DVN/MMMYGJ","https://doi.org/10.7910/DVN/MMMYGJ","doi","10.7910","Harvard Dataverse","2022-07-04","s3://10.7910/DVN/MMMYGJ"
"dataset",6363272,NA,"DVN/POZ9IL","https://doi.org/10.7910/DVN/POZ9IL","doi","10.7910","Harvard Dataverse","2022-07-11","s3://10.7910/DVN/POZ9IL"
"dataset",6372349,NA,"DVN/O1RCGV","https://doi.org/10.7910/DVN/O1RCGV","doi","10.7910","Harvard Dataverse","2022-07-11","s3://10.7910/DVN/O1RCGV"
"dataset",6388343,NA,"DVN/8JVXOS","https://doi.org/10.7910/DVN/8JVXOS","doi","10.7910","Harvard Dataverse","2022-07-20","s3://10.7910/DVN/8JVXOS"
"dataset",6413572,NA,"DVN/ENUFXJ","https://doi.org/10.7910/DVN/ENUFXJ","doi","10.7910","Harvard Dataverse","2022-08-08","s3://10.7910/DVN/ENUFXJ"
"dataset",6431307,NA,"DVN/U5GT7X","https://doi.org/10.7910/DVN/U5GT7X","doi","10.7910","Harvard Dataverse","2022-08-25","s3://10.7910/DVN/U5GT7X"
"dataset",6455271,NA,"DVN/RX2WBG","https://doi.org/10.7910/DVN/RX2WBG","doi","10.7910","Harvard Dataverse","2022-09-03","s3://10.7910/DVN/RX2WBG"
"dataset",6457901,NA,"DVN/VCHMLD","https://doi.org/10.7910/DVN/VCHMLD","doi","10.7910","Harvard Dataverse","2022-09-06","s3://10.7910/DVN/VCHMLD"
"dataset",6479564,NA,"DVN/F9RDNK","https://doi.org/10.7910/DVN/F9RDNK","doi","10.7910","Harvard Dataverse","2022-09-10","s3://10.7910/DVN/F9RDNK"
"dataset",6544129,NA,"DVN/AINILA","https://doi.org/10.7910/DVN/AINILA","doi","10.7910","Harvard Dataverse","2022-09-20","s3://10.7910/DVN/AINILA"
"dataset",6546912,NA,"DVN/ST2ONR","https://doi.org/10.7910/DVN/ST2ONR","doi","10.7910","Harvard Dataverse","2022-09-26","s3://10.7910/DVN/ST2ONR"
"dataset",6580524,NA,"DVN/21ARWA","https://doi.org/10.7910/DVN/21ARWA","doi","10.7910","Harvard Dataverse","2022-10-24","s3://10.7910/DVN/21ARWA"
"dataset",6646527,NA,"DVN/IW4FP8","https://doi.org/10.7910/DVN/IW4FP8","doi","10.7910","Harvard Dataverse","2022-11-11","s3://10.7910/DVN/IW4FP8"
"dataset",6688694,NA,"DVN/RO5BLP","https://doi.org/10.7910/DVN/RO5BLP","doi","10.7910","Harvard Dataverse","2022-10-30","s3://10.7910/DVN/RO5BLP"
"dataset",6688902,NA,"DVN/AKKDGC","https://doi.org/10.7910/DVN/AKKDGC","doi","10.7910","Harvard Dataverse","2022-10-31","s3://10.7910/DVN/AKKDGC"
"dataset",6692799,NA,"DVN/XI7MWK","https://doi.org/10.7910/DVN/XI7MWK","doi","10.7910","Harvard Dataverse","2022-12-02","s3://10.7910/DVN/XI7MWK"
"dataset",6709014,NA,"DVN/E2JO5N","https://doi.org/10.7910/DVN/E2JO5N","doi","10.7910","Harvard Dataverse","2022-11-15","s3://10.7910/DVN/E2JO5N"
"dataset",6767364,NA,"DVN/ZHUACD","https://doi.org/10.7910/DVN/ZHUACD","doi","10.7910","Harvard Dataverse","2022-11-28","s3://10.7910/DVN/ZHUACD"
"dataset",6768151,NA,"DVN/QMVU0Z","https://doi.org/10.7910/DVN/QMVU0Z","doi","10.7910","Harvard Dataverse","2022-12-10","s3://10.7910/DVN/QMVU0Z"
"dataset",6802155,NA,"DVN/9WTUVR","https://doi.org/10.7910/DVN/9WTUVR","doi","10.7910","Harvard Dataverse","2022-12-13","s3://10.7910/DVN/9WTUVR"
"dataset",6829981,NA,"DVN/JQKIFP","https://doi.org/10.7910/DVN/JQKIFP","doi","10.7910","Harvard Dataverse","2022-12-23","s3://10.7910/DVN/JQKIFP"
"dataset",6882673,NA,"DVN/0WI68H","https://doi.org/10.7910/DVN/0WI68H","doi","10.7910","Harvard Dataverse","2023-01-10","s3://10.7910/DVN/0WI68H"
"dataset",6882780,NA,"DVN/WG1QRH","https://doi.org/10.7910/DVN/WG1QRH","doi","10.7910","Harvard Dataverse","2023-01-11","s3://10.7910/DVN/WG1QRH"
"dataset",6894543,NA,"DVN/QR0YYC","https://doi.org/10.7910/DVN/QR0YYC","doi","10.7910","Harvard Dataverse","2023-01-16","s3://10.7910/DVN/QR0YYC"
"dataset",6903070,NA,"DVN/NNAVTE","https://doi.org/10.7910/DVN/NNAVTE","doi","10.7910","Harvard Dataverse","2023-01-23","s3://10.7910/DVN/NNAVTE"
"dataset",6907540,NA,"DVN/KX94FG","https://doi.org/10.7910/DVN/KX94FG","doi","10.7910","Harvard Dataverse","2023-01-30","s3://10.7910/DVN/KX94FG"
"dataset",6935171,NA,"DVN/MPWVJ7","https://doi.org/10.7910/DVN/MPWVJ7","doi","10.7910","Harvard Dataverse","2023-02-14","s3://10.7910/DVN/MPWVJ7"
"dataset",6970748,NA,"DVN/M4YRVC","https://doi.org/10.7910/DVN/M4YRVC","doi","10.7910","Harvard Dataverse","2023-03-08","s3://10.7910/DVN/M4YRVC"
"dataset",7101670,NA,"DVN/CT5K2E","https://doi.org/10.7910/DVN/CT5K2E","doi","10.7910","Harvard Dataverse","2023-05-12","s3://10.7910/DVN/CT5K2E"
"dataset",7107658,NA,"DVN/PZM6HI","https://doi.org/10.7910/DVN/PZM6HI","doi","10.7910","Harvard Dataverse","2023-05-19","s3://10.7910/DVN/PZM6HI"
"dataset",7110670,NA,"DVN/GHQKSW","https://doi.org/10.7910/DVN/GHQKSW","doi","10.7910","Harvard Dataverse","2023-05-21","s3://10.7910/DVN/GHQKSW"
"dataset",7113776,NA,"DVN/ZO1OAX","https://doi.org/10.7910/DVN/ZO1OAX","doi","10.7910","Harvard Dataverse","2023-05-25","s3://10.7910/DVN/ZO1OAX"
"dataset",7119390,NA,"DVN/H7BWDJ","https://doi.org/10.7910/DVN/H7BWDJ","doi","10.7910","Harvard Dataverse","2023-05-25","s3://10.7910/DVN/H7BWDJ"
"dataset",7119632,NA,"DVN/53K0QC","https://doi.org/10.7910/DVN/53K0QC","doi","10.7910","Harvard Dataverse","2023-05-24","s3://10.7910/DVN/53K0QC"
"dataset",7120657,NA,"DVN/WHE2BC","https://doi.org/10.7910/DVN/WHE2BC","doi","10.7910","Harvard Dataverse","2023-05-29","s3://10.7910/DVN/WHE2BC"
"dataset",7232178,NA,"DVN/QL0KJN","https://doi.org/10.7910/DVN/QL0KJN","doi","10.7910","Harvard Dataverse","2023-07-06","s3://10.7910/DVN/QL0KJN"
